"CTaa","n_cells","Shared_Tissues","Stage"
"CAVEDRDDKIIF_CASSPQGARYYGYTF",431,"LIVER & PBMCC & SAT & VAT","Fibrosis"
"CALLTGGGNKLTF_CSVEVRLISLAKLDTEAFF",303,"LIVER & PBMC & SAT & VAT","Fibrosis"
"NA_CASSLIFGTGGSYNEQFF",252,"LIVER & PBMC & SAT & VAT","Fibrosis"
"CAVKASGGSYIPTF_CASSPNSGAGGYTF",192,"LIVER & PBMC & SAT & VAT","Fibrosis"
"CAEYGNKLVF_CASTEKWGKSYEQYF",190,"LIVER & PBMC & SAT & VAT","No_fibrosis"
"CAMDANQGGKLIF_CAWSGLTYEQYF",173,"LIVER & PBMC & SAT & VAT","Fibrosis"
"CALGETDSWGKLQF_CASSALGLEMNNEQFF",153,"LIVER & PBMC & SAT & VAT","Fibrosis"
"NA_CASSPQGARYYGYTF",131,"LIVER & PBMCC & SAT & VAT","Fibrosis"
"CAYRSYGNQFYF_CASTLGPSGSDEQFF",102,"LIVER & PBMCC & SAT & VAT","Fibrosis"
"NA_CASSESTGISEQYF",95,"LIVER & PBMC & SAT & VAT","Fibrosis"
"NA_CASSLGGAGDTQYF",95,"LIVER & PBMC & SAT & VAT","No_fibrosis"
"NA_CASSESTGIQPQHF",92,"LIVER & PBMC & SAT & VAT","Fibrosis"
"CVADNQAGTALIF_CASSLELAGSSGANVLTF",91,"LIVER & PBMC & SAT & VAT","Fibrosis"
"CAASPNAGKSTF_CSANTLTGTSGGIETQYF",90,"LIVER & PBMC & SAT & VAT","Fibrosis"
"CAVMDSNYQLIW_CASSVKGTSGINEQFF",85,"LIVER & PBMC & SAT & VAT","Fibrosis"
"CALGETDSWGKLQF;CAVNTDKLIF_CASSALGLEMNNEQFF",81,"LIVER & PBMC & VAT","Fibrosis"
"CAGNSGGYQKVTF_CSAHGGGSTDTQYF",79,"LIVER & PBMC & VAT","Fibrosis"
"CAVSVPSGGSYIPTF_CASSLGGAGDTQYF",79,"LIVER & PBMC & SAT & VAT","No_fibrosis"
"NA_CSAHGGGSTDTQYF",79,"LIVER & PBMC & VAT","Fibrosis"
"CALTNAGGTSYGKLTF;CAVQTGQGGSEKLVF_CASSDRDTLIVGEAFF",76,"LIVER & PBMC & SAT & VAT","Fibrosis & No_fibrosis"
"NA_CASNTMYEASSYNEQFF",71,"LIVER & PBMC & SAT & VAT","Fibrosis"
"CAASRSYNTDKLIF_CASSLGAAGDTEAFF",70,"LIVER & PBMC & SAT & VAT","Fibrosis"
"CACRSTNAGKSTF_CASSAGGSGANVLTF",69,"LIVER & PBMC & SAT & VAT","Fibrosis"
"NA_CASSETGTEAFF",69,"LIVER & PBMC & SAT & VAT","Fibrosis & No_fibrosis"
"CAGLSGASGTYKYIF_CASSLIFGTGGSYNEQFF",62,"LIVER & PBMC & SAT & VAT","Fibrosis"
"CALSDAGFQKLVF_CASSGQGSGNTEAFF",61,"LIVER & PBMC & SAT & VAT","Fibrosis"
"CAAGYGDNFNKFYF_CSALEAGVKETQYF",60,"LIVER & PBMC & VAT","Fibrosis"
"CGADNPHTGTASKLTF_CASSYRGDRAEAFF",60,"LIVER & PBMC & SAT","Fibrosis"
"CAVNTDKLIF_CASSALGLEMNNEQFF",58,"PBMC & VAT","Fibrosis"
"NA_CASSALGLEMNNEQFF",57,"LIVER & PBMC & SAT & VAT","Fibrosis"
"CAEIGGGGGSQGNLIF_CASSETGTEAFF",55,"LIVER & PBMC & SAT & VAT","Fibrosis & No_fibrosis"
"CAGTNYQLIW_CASSPSAGETEAFF",54,"LIVER & PBMC & VAT","Fibrosis"
"CALGIYGGSQGNLIF_CASSANRVRTEAFF",54,"LIVER & SAT & VAT","Fibrosis"
"CAVNINAGGTSYGKLTF_CASSAGHEGEPFVF",53,"LIVER & PBMC & SAT & VAT","Fibrosis"
"CAMRDDDTGTASKLTF_CASSLGVSGANVLTF",51,"LIVER & PBMC & SAT & VAT","Fibrosis"
"CAVTSGTYKYIF_CASSPFAGGTVGQFF",51,"LIVER & PBMCC & SAT & VAT","Fibrosis"
"CAVQNNAGGTSYGKLTF_CASSSDAGWEQYF",48,"LIVER & PBMC & SAT & VAT","Fibrosis"
"NA_CASSESTGINEQFF",47,"LIVER & PBMC & VAT","Fibrosis"
"CAHNNAGNMLTF_CASSLGGGRTQYF",46,"LIVER & PBMC & SAT & VAT","Fibrosis & No_fibrosis"
"CAVKASGGSYIPTF_NA",44,"LIVER & PBMC & SAT & VAT","Fibrosis"
"CILAGDMRF_CSAKPGPSGYYEQYF",44,"LIVER & PBMC & SAT & VAT","Fibrosis"
"CAVMDSNYQLIW_NA",43,"LIVER & PBMC & VAT","Fibrosis & No_fibrosis"
"CAVYLLEAGTYKYIF_CASSYWGVGTDTQYF",43,"PBMC & SAT & VAT","Fibrosis"
"CILSPRHHTGANSKLTF_CASSESGSGDEQYF",43,"LIVER & VAT","Fibrosis"
"CALTNAGGTSYGKLTF_CASSDRDTLIVGEAFF",42,"LIVER & PBMC & SAT & VAT","Fibrosis & No_fibrosis"
"NA_CSVGRGDGYTF",41,"LIVER & PBMC & SAT & VAT","Fibrosis"
"NA_CASSPSAGETEAFF",38,"LIVER & PBMC & SAT & VAT","Fibrosis"
"CAFTLPGGTSYGKLTF_CASSVGAHRTGGTEAFF",36,"LIVER & PBMCC & SAT & VAT","Fibrosis"
"CAMREPRDFGNEKLTF_CASSNYMDTGELFF",36,"LIVER & PBMC & VAT","Fibrosis"
"CAVAGGGSYIPTF_CASSQEGGNEGLTDTQYF",36,"LIVER & PBMC & SAT & VAT","Fibrosis"
"NA_CSALEAGVKETQYF",36,"LIVER & PBMC & SAT & VAT","Fibrosis"
"CALLNTGGFKTIF_NA",34,"LIVER & PBMC & SAT & VAT","Fibrosis"
"CAVVNEKLTF_CASSQDSDGELFF",34,"LIVER & VAT","Fibrosis"
"CATDARQLTF_CASSLYGGPQETQYF",32,"LIVER & PBMC & SAT & VAT","Fibrosis"
"CAFMGMDSNYQLIW_CASSLQYNEQFF",31,"LIVER & PBMC & SAT","Fibrosis"
"CAVSPPGAGSYQLTF_CAPPRLQETQYF;CASSPTWGQETQYF",31,"PBMC & SAT & VAT","Fibrosis"
"CAARFTGGGNKLTF_CASSQEWQGYYQPQHF",29,"LIVER & PBMC & VAT","Fibrosis"
"CAFWGSGGGADGLTF_CASSSSGTNYGYTF",29,"LIVER & PBMCC & SAT & VAT","Fibrosis"
"CAVEDRDDKIIF_NA",29,"LIVER & PBMCC & SAT & VAT","Fibrosis"
"CILRGGNQFYF_CASRYGGNSPLHF",28,"LIVER & PBMC & VAT","Fibrosis"
"CAMSPLNNAGNMLTF_CSVGRGDGYTF",27,"LIVER & PBMC & SAT & VAT","Fibrosis"
"CILSPRHHTGANSKLTF;CAGQDAGGTSYGKLTF_CASSESGSGDEQYF",27,"LIVER & PBMCC & SAT & VAT","Fibrosis"
"CAETPSGGKLIF_CATSGQSNEQFF",26,"LIVER & PBMC & SAT & VAT","Fibrosis"
"CATVATGANSKLTF_CASSLGQNMNTEAFF;CAAGGQRGVPSTDTQYF",26,"LIVER & PBMC & SAT & VAT","Fibrosis"
"NA_CASSWGQGTYGYTF",26,"LIVER & VAT","Fibrosis"
"CAAIHSYSSASKIIF;CASSDGQKLLF_CASSLTGESSYNEQFF",25,"LIVER & PBMC & SAT & VAT","Fibrosis"
"CAARGIEGFGNVLHC_CASSLGTTDTQYF",25,"LIVER & VAT","Fibrosis"
"CALSEPNRDDKIIF_CASSYSTVGEGLDEQFF",25,"LIVER & PBMC & SAT & VAT","Fibrosis"
"CAVGLTYNTDKLIF_CASRRMSYTF",25,"LIVER & PBMC & SAT & VAT","Fibrosis"
"CAVSGFSGGYNKLIF_CASSWGQGTYGYTF",25,"LIVER & VAT","Fibrosis"
"CIVRVANAGGTSYGKLTF_CASSLGGQGHYEQYF",25,"LIVER & PBMC & VAT","Fibrosis"
"CAASYMYSGGGADGLTF_CASSPLVNYGYTF",24,"LIVER & PBMC & SAT & VAT","No_fibrosis"
"CALGTSYGKLTF_CASSFRTGRQETQYF",24,"LIVER & PBMCC & SAT & VAT","Fibrosis"
"CALYNNNDMRF_CASSLWWDRDDEQYF",24,"LIVER & PBMC & SAT & VAT","Fibrosis"
"CIVRVKNNARLMF_CASSQDGDSPLHF",24,"LIVER & VAT","Fibrosis"
"CVVSLYNAGNMLTF_CASSPRDRDYEQYF",24,"LIVER & PBMC & SAT & VAT","No_fibrosis"
"NA_CASSNYMDTGELFF",24,"LIVER & PBMC & VAT","Fibrosis"
"CALGRSGNTGKLIF_CASSQGGILNSPLHF",23,"LIVER & PBMC & VAT","Fibrosis & No_fibrosis"
"CIVPPSYLIQGAQKLVF;CAVPYNNNDMRF_CASSDSTGSYTF",23,"LIVER & PBMC & SAT & VAT","Fibrosis"
"NA_CASSLGYPGGGLPQHF",23,"LIVER & VAT","Fibrosis & No_fibrosis"
"NA_CASSLPPNAGTYGYTF",23,"LIVER & PBMC & SAT & VAT","Fibrosis"
"NA_CASSPFAGGTVGQFF",23,"LIVER & PBMCC","Fibrosis"
"CAFMKLNNAGNMLTF_CASSLPWGGPSEKLFF",22,"LIVER & PBMC & SAT & VAT","No_fibrosis"
"CAVNTGNQFYF_CASSSPFREGLGYEQYF",22,"LIVER & PBMC & SAT & VAT","Fibrosis"
"NA_CAISESKAAGEETQYF",22,"PBMC & SAT & VAT","Fibrosis"
"NA_CASSFEWNQDEKLFF",22,"LIVER & SAT & VAT","Fibrosis"
"NA_CASSLDRQVLFF",22,"LIVER & PBMC & VAT","Fibrosis"
"NA_CSAKPGPSGYYEQYF",22,"LIVER & PBMC & SAT & VAT","Fibrosis"
"NA_CSVEVRLISLAKLDTEAFF",22,"LIVER & PBMC & SAT & VAT","Fibrosis"
"CAETYTGGFKTIF_CASSLPPNAGTYGYTF",21,"LIVER & PBMC & SAT & VAT","Fibrosis"
"CAGSTDSWGKLQF_CASMAGTGHYNEQFF",21,"LIVER & PBMC & VAT","Fibrosis & No_fibrosis"
"CAVRDGDDMRF_CASSVWLANTEAFF",21,"LIVER & PBMC & VAT","Fibrosis"
"CILRDVKNNNAGNMLTF;CAGQLRGTSYGKLTF_CAISRSDSPDEQYF",21,"PBMC & SAT","Fibrosis"
"CALSVPTANNLFF_CSGGNRNGYTF",20,"LIVER & PBMC & SAT & VAT","Fibrosis"
"CALSVYGQNFVF_CASSFEWNQDEKLFF",20,"LIVER & PBMC & SAT & VAT","Fibrosis"
"CAMRELGYNAGKSTF_CAWSGDGQLTNEKLFF",20,"LIVER & VAT","Fibrosis"
"CATEGDFGNEKLTF_CATSVSAGEEQFF",20,"LIVER & VAT","Fibrosis"
"CATVLGARLMF_CASSPGLAGGIKETQYF",20,"LIVER & PBMC & VAT","Fibrosis"
"CAVKDSNYQLIW_CSASYPGQGSDGYTF",20,"LIVER & PBMC & VAT","Fibrosis"
"CAVNGRNARLMF_CASSLTSTDTQYF",20,"LIVER & PBMC & SAT & VAT","Fibrosis"
"CAVRDSNYQLIW_NA",20,"LIVER & PBMC","Fibrosis & No_fibrosis"
"CIQGEDAGNMLTF_CASTDGQKNTEAFF",20,"LIVER & PBMC & VAT","Fibrosis"
"CVVSERRNTGFQKLVF_CASRLGAGGGSYGYTF",20,"LIVER & PBMC & VAT","Fibrosis"
"NA_CASSSSGTNYGYTF",20,"LIVER & PBMCC & SAT & VAT","Fibrosis"
"CALENPGANNLFF_CASSSGQGYTGELFF",19,"PBMC & VAT","Fibrosis"
"CALESSTLTF_CASSLGLAGTYEQYF",19,"LIVER & PBMC & SAT & VAT","Fibrosis"
"CALVINNNDMRF_CASSYWAGRGDTQYF",19,"PBMC & SAT & VAT","Fibrosis"
"CAVNMWTGGFKTIF_CASSERPGRGGYTF",19,"LIVER & PBMC & VAT","Fibrosis"
"CAWVAGSSNTGKLIF_CASSQDRNTQYF",19,"LIVER & PBMC & SAT & VAT","Fibrosis"
"CILSNNNAGNMLTF_CASSQEQSLPNYGYTF",19,"LIVER & PBMC & VAT","Fibrosis"
"CVVSAGQAGTALIF_CASTAMPGQGPGAKNIQYF",19,"SAT & VAT","Fibrosis"
"NA_CASSGSGERAFF",19,"LIVER & SAT & VAT","Fibrosis"
"CALSDGSSNTGKLIF;CAVLYGNNRLAF_CASRRHLSGANVLTF",18,"LIVER & PBMC & SAT & VAT","Fibrosis"
"CAVDFRTYKYIF_CASSEFEGLLYEQYF",18,"LIVER & PBMC & VAT","Fibrosis"
"CAVRDYYNQGGKLIF_CASSHGLAEETQYF",18,"LIVER & PBMC & SAT & VAT","Fibrosis"
"CAYGESNFGNEKLTF_CASSQVGGHEQYF",18,"LIVER & VAT","Fibrosis"
"CGAGLFGNEKLTF_CASSLRGLNEKLFF",18,"PBMC & SAT & VAT","Fibrosis"
"NA_CASSVKGTSGINEQFF",18,"LIVER & PBMC & VAT","Fibrosis"
"CAARGTGGFKTIF;CAVYNQGGKLIF_CATRGRGETYNEQFF",17,"LIVER & PBMCC & SAT & VAT","Fibrosis"
"CAFATTDSWGKLQF_CSATVRLGLVNEQYF",17,"LIVER & PBMC & VAT","Fibrosis & No_fibrosis"
"CAGPRKTSYDKVIF_CASSSANYGYTF",17,"LIVER & PBMC & VAT","Fibrosis & No_fibrosis"
"CATEEDFGNEKLTF_CATSFVSGEVQYF",17,"LIVER & VAT","Fibrosis"
"CAVGEDSGTYKYIF_CASSEGDRGPVEKLFF",17,"LIVER & PBMC & VAT","Fibrosis"
"CAVRGIRDSNYQLIW_CASSMVGETQYF",17,"LIVER & PBMC & VAT","Fibrosis"
"CAVRSWGGGYQKVTF_CASNTMYEASSYNEQFF",17,"LIVER & PBMC & SAT & VAT","Fibrosis"
"CAYRNSGGGADGLTF_CASSLSLAQETQYF",17,"LIVER & PBMC","Fibrosis"
"CAASPLYGNNRLAF_CASSSGSAIQPQHF",16,"LIVER & SAT & VAT","Fibrosis"
"CACRSTNAGKSTF_NA",16,"LIVER & PBMC & SAT & VAT","Fibrosis"
"CAGDTGRRALTF_CASSLAEELFF",16,"LIVER & PBMC & VAT","Fibrosis"
"CAGENTGGFKTIF_CASRESSGSSYEQYF",16,"LIVER & PBMC","Fibrosis"
"CALGIYGGSQGNLIF_NA",16,"LIVER & VAT","Fibrosis"
"CALRLQGGSEKLVF_CASSEALYEQYF",16,"PBMC & VAT","Fibrosis"
"CASYASGGSYIPTF;CAVRDYNQGGKLIF_CASSLAEGAYEQYF",16,"LIVER & PBMCC & SAT & VAT","Fibrosis"
"CAVGRAGNMLTF_CASSVSGFSTDTQYF",16,"PBMC & VAT","Fibrosis"
"CAYRSPGSSNTGKLIF_CASSQNSYNSPLHF",16,"LIVER & PBMC & SAT & VAT","Fibrosis"
"CILAGDMRF;CARPSQYSGAGSYQLTF_CSAKPGPSGYYEQYF",16,"LIVER & PBMC & SAT & VAT","Fibrosis"
"NA_CASMAGEQYF",16,"LIVER & PBMCC & SAT & VAT","Fibrosis"
"NA_CASSPGTFGSYEQYF",16,"LIVER & PBMC & VAT","Fibrosis"
"CAADNYGQNFVF_CASSAHVNEKLFF",15,"PBMC & SAT & VAT","Fibrosis"
"CALLNTGGFKTIF_CASSATGPVPIYF",15,"LIVER & VAT","Fibrosis"
"CAMRESVTGANSKLTF_CASSLGSGVVYNEQFF",15,"LIVER & PBMC","Fibrosis"
"CATDAYSSYKLIF_CASRTPGNEQFF",15,"LIVER & PBMC & SAT & VAT","Fibrosis"
"CAVEREDSGGGADGLTF_CASSPGTFGSYEQYF",15,"LIVER & PBMC & VAT","Fibrosis"
"CAVNKWVGTGNQFYF_CSVETGIKRYTEAFF",15,"LIVER & PBMCC & SAT","Fibrosis"
"CAVRAQTGANNLFF_CASRGTGRSQADTQYF",15,"LIVER & PBMC & SAT","Fibrosis"
"CLVGERTSGTYKYIF_CASSPGQGHEQFF",15,"LIVER & SAT & VAT","Fibrosis"
"CLVGSNYGGSQGNLIF_CASSHPTRGSYNEQFF",15,"LIVER & PBMC & SAT & VAT","Fibrosis"
"NA_CASSLGVSGANVLTF",15,"LIVER & PBMC & SAT & VAT","Fibrosis"
"NA_CASTIGIHTEAFF",15,"LIVER & PBMC","Fibrosis & No_fibrosis"
"CAACSGGSNYKLTF_CASSRRGLQSNVLTF",14,"LIVER & PBMC & SAT & VAT","Fibrosis"
"CAARIQGAQKLVF_CAWSRQGDQPQHF",14,"LIVER & PBMC & SAT & VAT","Fibrosis"
"CAARIQGAQKLVF_CAWSVQGDQPQHF",14,"LIVER & PBMC & SAT & VAT","Fibrosis"
"CAGENTGGFKTIF_NA",14,"LIVER & PBMC","Fibrosis"
"CAGGYNNNDMRF_CASSLEAQERGFGYTF",14,"LIVER & VAT","No_fibrosis"
"CALSEAQGNQFYF_CASSSMGFSYNEQFF",14,"LIVER & PBMC & VAT","Fibrosis"
"CAMDANQGGKLIF_NA",14,"LIVER & PBMC & SAT & VAT","Fibrosis"
"CAPVPRLGGGAGSYQLTF_CASSSWARRNQPQHF",14,"LIVER & PBMC & SAT & VAT","Fibrosis"
"CARRGGYNKLIF_CSARGQGLTYEQYF",14,"LIVER & SAT","Fibrosis"
"CAVSTDSSYKLIF_CASSQDFYQRNTEAFF",14,"LIVER & PBMC & VAT","Fibrosis"
"CAYRRGDGATNKLIF_CASSIVSGAEAFF",14,"LIVER & PBMC & VAT","Fibrosis"
"NA_CASSSMGFSYNEQFF",14,"LIVER & PBMC & VAT","Fibrosis"
"NA_CAWSGLTYEQYF",14,"LIVER & PBMC & VAT","Fibrosis"
"CAFMKLNNAGNMLTF_NA",13,"LIVER & PBMC & SAT & VAT","No_fibrosis"
"CAGAPLDSNYQLIW_CATSRESGSHGEQFF",13,"LIVER & PBMC & SAT & VAT","Fibrosis"
"CALSDAGFQKLVF_NA",13,"LIVER & PBMC & SAT & VAT","Fibrosis"
"CALSPQGGSNYKLTF_CASSLGAQETQYF",13,"PBMC & VAT","No_fibrosis"
"CAMPQGAQKLVF_CASGGGQGFSNQPQHF",13,"LIVER & VAT","Fibrosis"
"CAMREGLQGGKLIF_CASSITPGDSSTDTQYF",13,"LIVER & PBMC & SAT & VAT","Fibrosis"
"CAMRRPSGGYNKLIF_CASSSSDSSSGNTIYF",13,"LIVER & SAT & VAT","Fibrosis"
"CATDEYNDMRF_CASSLGGATDTQYF",13,"LIVER & PBMC & SAT & VAT","Fibrosis"
"CAVKHYGQNFVF_CASSLARHEQFF",13,"LIVER & PBMC & VAT","Fibrosis"
"CAVMDSNYQLIW_CASSDSQGADTQYF",13,"LIVER & PBMC","Fibrosis"
"CAVPSGGNNRLAF_CASSSLDLGQGYYGYTF",13,"LIVER & PBMC & SAT & VAT","Fibrosis"
"CAVRSWGKLQF_CSVELAGGPGDTQYF",13,"SAT & VAT","Fibrosis"
"CAVSRNTGGFKTIF_CASSVRRDRANTGELFF",13,"LIVER & PBMC","Fibrosis"
"NA_CASSYWGVGTDTQYF",13,"LIVER & PBMC & SAT & VAT","Fibrosis"
"CAAGDDKIIF_CSANFLGLAGGAIEDTQYF",12,"LIVER & PBMC & VAT","No_fibrosis"
"CAARLQGAQKLVF_CAWSVQGDQPQHF",12,"LIVER & PBMC & SAT & VAT","Fibrosis"
"CAASYLSGGSYIPTF_CASSPTLEETQYF",12,"PBMC & SAT","Fibrosis"
"CAMRPRVSNYGQNFVF_CASTFRGLSNQPQHF",12,"LIVER & PBMC & VAT","No_fibrosis"
"CAMSGYSSASKIIF_CASSLDGRSEQYF",12,"LIVER & PBMCC & SAT","Fibrosis"
"CAVREIEKLIF_CASSAGASGERSSPLHF",12,"LIVER & PBMC & SAT & VAT","No_fibrosis"
"CLVGENTGGFKTIF_CATFYLAGQAFF",12,"LIVER & PBMC & SAT & VAT","No_fibrosis"
"CVVDAGGYNKLIF_CAIKGVQETQYF",12,"LIVER & PBMC & VAT","No_fibrosis"
"NA_CASSLELAGSSGANVLTF",12,"LIVER & PBMC","Fibrosis"
"NA_CASTEKWGKSYEQYF",12,"LIVER & PBMC & SAT & VAT","No_fibrosis"
"CAAENGQKLLF_CASSPGTVYEQYF",11,"LIVER & PBMC & SAT","Fibrosis"
"CAAFFVYGGSQGNLIF_CASSLFRTELNYEQYF",11,"PBMC & SAT & VAT","Fibrosis"
"CAASIGNFGNEKLTF_CASSPNRNTEAFF",11,"LIVER & PBMC & VAT","Fibrosis"
"CAASSNFGNEKLTF_CSARVAGVPGTQYF",11,"LIVER & PBMC & VAT","Fibrosis"
"CACMDSNYQLIW_CSARNPGQGAENTGELFF",11,"LIVER & PBMC & SAT","Fibrosis"
"CAIRTQGGSEKLVF_CASSLGRTLNEQFF",11,"LIVER & PBMC & SAT & VAT","Fibrosis"
"CATAPLYNFNKFYF_CASSKDRERQPQHF",11,"LIVER & PBMC & SAT & VAT","Fibrosis"
"CAVADSWGKFQF_CAWIMGTGELFF",11,"LIVER & PBMC & VAT","Fibrosis"
"CAVLDRETSGSRLTF_CASSEEGEGRYGYTF",11,"LIVER & PBMC & VAT","Fibrosis"
"CAVLDSNYQLIW_NA",11,"LIVER & VAT","Fibrosis"
"CAVMDSSYKLIF_NA",11,"LIVER & PBMC & SAT","Fibrosis & Healthy"
"CAVQTGQGGSEKLVF_CASSDRDTLIVGEAFF",11,"LIVER & PBMC","Fibrosis & No_fibrosis"
"CAVRDFGDMRF_CAISESKAAGEETQYF",11,"LIVER & PBMC & SAT","Fibrosis"
"CAVSQGNLIF_CASSTGTSAYNEQFF",11,"LIVER & PBMC & VAT","Fibrosis"
"CAVWGSGGYQKVTF_CASSYSGNPPLHF",11,"LIVER & SAT & VAT","Fibrosis"
"CAYRRGDGATNKLIF_NA",11,"PBMC & VAT","Fibrosis"
"CVVNGLAAGNKLTF_CASSTRPGGANVLTF",11,"LIVER & PBMC & VAT","Fibrosis"
"CVVPSNTGGFKTIF_CASSFPDTQYF",11,"LIVER & PBMC & VAT","Fibrosis"
"NA_CASSEALYEQYF",11,"PBMC & VAT","Fibrosis"
"NA_CASSPMVAETQYF",11,"LIVER & PBMC & SAT & VAT","Fibrosis"
"NA_CASSPQHRLGDEQFF",11,"LIVER & PBMC & VAT","Fibrosis"
"NA_CASSQDQGSNQPQHF",11,"LIVER & PBMC & VAT","Fibrosis"
"NA_CASSQDRNTQYF",11,"PBMC & SAT & VAT","Fibrosis"
"NA_CASSQEGGNEGLTDTQYF",11,"LIVER & PBMC & SAT & VAT","Fibrosis"
"NA_CASSYSGTSGVTDTQYF",11,"LIVER & SAT","Fibrosis"
"CAAGAADKLIF_CASSFGTGGNQPQHF",10,"LIVER & PBMC & VAT","Fibrosis"
"CACMKTSYDKVIF_CASSPGTFLHSPLHF",10,"PBMC & SAT & VAT","Fibrosis"
"CAESPANQAGTALIF_CASSDRGEGGYTF",10,"LIVER & PBMC & SAT & VAT","Fibrosis"
"CAFLDTPLVF_CASSLTGPQSSYNEQFF",10,"LIVER & PBMC & VAT","Fibrosis"
"CAGNNDMRF_CASKAGEANTEAFF",10,"LIVER & PBMC & VAT","Fibrosis"
"CAGRPPSGSRLTF_CASSPWGISGSYEQYF",10,"LIVER & PBMC & SAT","Fibrosis"
"CASKRAGGTSYGKLTF_CASSQGPWPVRIYEQYF",10,"LIVER & PBMCC & SAT & VAT","Fibrosis"
"CAVFLFGNEKLTF_CASSDWRQNTGELFF",10,"LIVER & PBMC & SAT & VAT","Healthy"
"CAVMGGGFKTIF_CASSLEGETQYF",10,"LIVER & VAT","Fibrosis"
"CAVNVQGGSEKLVF_CASSFWGEPFPGELFF",10,"LIVER & PBMC","Fibrosis"
"CAVRDGAGKSTF_CASSRDSPYTEAFF",10,"LIVER & PBMC & SAT","Fibrosis"
"CILRDVKNNNAGNMLTF_CAISRSDSPDEQYF",10,"PBMC & SAT","Fibrosis"
"NA_CASRGTGRSQADTQYF",10,"LIVER & PBMC","Fibrosis"
"NA_CASRGTSGGVNTGELFF",10,"LIVER & PBMC & VAT","Fibrosis & No_fibrosis"
"NA_CASSAGHEGEPFVF",10,"LIVER & PBMC","Fibrosis"
"NA_CASSATGVGQFF",10,"LIVER & VAT","Fibrosis"
"NA_CASSQDSDGELFF",10,"LIVER & VAT","Fibrosis"
"NA_CASSSDTGELFF",10,"LIVER & PBMC","Fibrosis"
"NA_CASSSSDSSSGNTIYF",10,"LIVER & VAT","Fibrosis"
"NA_CASSVTKGLNEKLFF",10,"LIVER & VAT","Fibrosis"
"CAAMDSNYQLIW_NA",9,"LIVER & PBMC","Fibrosis & Healthy & No_fibrosis"
"CAASAIGNEKLTF_CASSLPGSLTKSYNEQFF",9,"PBMC & VAT","Fibrosis"
"CAASEAASKLTF_CASSFGRGLETQYF",9,"LIVER & SAT & VAT","Fibrosis"
"CAASGRGFSSGSARQLTF_CATSSGEGGYQETQYF",9,"LIVER & VAT","Fibrosis"
"CAASGRGFSSGSARQLTF_NA",9,"LIVER & VAT","Fibrosis"
"CAASVGGGADGLTF_CASSMALAVTYNEQFF",9,"LIVER & PBMC & VAT","Fibrosis"
"CAENFSSASKIIF_CSARDRRGGRETQYF",9,"LIVER & SAT & VAT","Fibrosis"
"CAKQGGSEKLVF_CASRQTATDTQYF",9,"LIVER & VAT","Fibrosis"
"CARPSQYSGAGSYQLTF_CSAKPGPSGYYEQYF",9,"LIVER & PBMC & SAT & VAT","Fibrosis"
"CAVGNQFYF;CAVPPIGFGNVLHC_CASSPLELAGAKNIQYF",9,"PBMC & VAT","Fibrosis"
"CAVIGGYNFNKFYF_CASSLGTSGIGNEQFF",9,"LIVER & PBMC & SAT & VAT","Fibrosis"
"CAVIMNRDDKIIF_CASMAGEQYF",9,"LIVER & PBMCC & SAT & VAT","Fibrosis"
"CAVLDSNYQLIW_CATGGTGDNQPQHF",9,"LIVER & VAT","Fibrosis"
"CAVNTGNQFYF_NA",9,"LIVER & PBMC & VAT","Fibrosis"
"CIVKGAWAGNNRKLIW_CAISGGNEQYV",9,"LIVER & PBMC & SAT & VAT","Fibrosis"
"CIVRVAGGETSGSRLTF_CASTTRAYGGGPGYTF",9,"LIVER & PBMC & VAT","Fibrosis"
"CIVSHPQGAQKLVF_CASSETGTSGFQETQYF",9,"LIVER & PBMC & SAT & VAT","Fibrosis"
"CLVGDMARREDSNYQLIW_CASRYGAYTNTGELFF",9,"LIVER & VAT","Fibrosis"
"CLVGGGYSTLTF_CASMAGEQYF",9,"LIVER & PBMCC & SAT","Fibrosis"
"CLVWTAGNKLTF_CASSDTGGTLDGYTF",9,"LIVER & VAT","No_fibrosis"
"CVGFSGGGADGLTF_CASSIVGTGNFNPLF",9,"LIVER & PBMC & VAT","Fibrosis"
"CVVSERRNTGFQKLVF_NA",9,"LIVER & PBMC & VAT","Fibrosis"
"NA_CAISPGGSGYGYTF",9,"LIVER & PBMC & SAT & VAT","Fibrosis & No_fibrosis"
"NA_CASSFTGVYGYTF",9,"LIVER & SAT & VAT","Fibrosis"
"NA_CASSLYGGPQETQYF",9,"LIVER & PBMC & SAT & VAT","Fibrosis"
"NA_CSARNPGQGAENTGELFF",9,"LIVER & PBMC & SAT","Fibrosis"
"CAADSGGGADGLTF_CASSPTGEDQPQHF",8,"LIVER & PBMC & VAT","Fibrosis"
"CAARGTASKLTF_CASSLEGSRAPYEQYF",8,"LIVER & PBMC","Fibrosis"
"CAASVDNAGNMLTF;CALSEARYGGSQGNLIF_CASSAQAAGGADTQYF",8,"LIVER & PBMC & SAT & VAT","Fibrosis"
"CAESSSYSNYQLIW_CAWSVRGVNRDTQYF",8,"LIVER & PBMC & VAT","Fibrosis & No_fibrosis"
"CAETNNNAGNMLTF_CASSPSTSGGRDEQFF",8,"LIVER & SAT","Fibrosis"
"CAGFTGANSKLTF_CASTPRDRYRAFF",8,"PBMC & SAT","Fibrosis"
"CAGQTFNAGGTSYGKLTF_CASSPHQRAHPAEAFF",8,"LIVER & PBMC & SAT","Fibrosis"
"CAITQGGSEKLVF_CASSLGSVNEQFF",8,"LIVER & PBMC & VAT","Fibrosis"
"CALRTPYNFNKFYF_CASSLDKDRGPTREKLFF",8,"LIVER & VAT","Fibrosis"
"CAMRDDSYNTDKLIF_CASSLTQVYRGTDTQYF",8,"PBMC & VAT","Fibrosis"
"CARLSGGYQKVTF_CSARERQVYENTIYF",8,"LIVER & PBMC & VAT","Fibrosis & No_fibrosis"
"CASRGGGATNKLIF_CASTIEGRRYGYTF",8,"LIVER & VAT","Fibrosis"
"CATDDWGSQGNLIF_CASRMAGGEEKLFF",8,"PBMC & SAT & VAT","Fibrosis"
"CAVEGYSTLTF_CASTGQWKETQYF",8,"LIVER & SAT","Fibrosis"
"CAVGPWSNYQLIW_CASSIYGGAGGRNNQPQHF",8,"PBMC & VAT","Fibrosis"
"CAVGRAGNMLTF_NA",8,"PBMC & VAT","Fibrosis"
"CAVNSGYSTLTF_CASGGGNQPQHF",8,"LIVER & SAT","Fibrosis"
"CAVNYRGSNYKLTF_CASSLGGQGPNRPQHF",8,"LIVER & VAT","Fibrosis"
"CAVRDFGDMRF_CAISESKAAGEETQYF;CARVGGLATDTQYF",8,"LIVER & PBMC & SAT","Fibrosis"
"CAVRVTDSWGKFQF_CASSYAPGTENTEAFF",8,"LIVER & PBMCC & SAT","Fibrosis"
"CAVRWGQNFVF_CASSPEGDQPQHF",8,"LIVER & VAT","Fibrosis"
"CAVSSRGSNFGNEKLTF_CSARLGGGTDTQYF",8,"PBMC & SAT & VAT","Fibrosis"
"CAVTPTDNNARLMF_CASSTDSLGTDTQYF",8,"PBMC & VAT","Fibrosis"
"CAVYNQGGKLIF_CATRGTSGSYEQYF",8,"LIVER & VAT","Fibrosis"
"CGADITGGGNKLTF_CASSFSGAYNEQFF",8,"SAT & VAT","Fibrosis"
"CGTETGSWGKLQF_CASSLSGTKGDTGELFF",8,"LIVER & PBMC & SAT & VAT","Fibrosis"
"CIVRVVKEYGNKLVF_CASSPAQVNTDTQYF",8,"PBMC & SAT & VAT","Fibrosis"
"NA_CASRLGAGGGSYGYTF",8,"LIVER & PBMC & VAT","Fibrosis"
"NA_CASRTPGNEQFF",8,"LIVER & VAT","Fibrosis"
"NA_CASSGGSQETQYF",8,"LIVER & PBMC","Fibrosis"
"NA_CASSLEQTYEQYF",8,"LIVER & PBMC","Fibrosis"
"NA_CASSLGRETQYF",8,"LIVER & VAT","Fibrosis"
"NA_CASSVRWGEPLHF",8,"LIVER & VAT","Fibrosis"
"NA_CATSVSAGEEQFF",8,"LIVER & VAT","Fibrosis"
"CAAFHTGNQFYF_CATSRDAGSEQFF",7,"LIVER & VAT","Fibrosis"
"CAARLSGTYKYIF_CSAPQETGANQPQHF",7,"PBMC & SAT & VAT","Fibrosis"
"CAARTQGAQKLVF_CAWSVQGDQPQHF",7,"LIVER & PBMC & SAT","Fibrosis"
"CAASVDNAGNMLTF_CASSAQAAGGADTQYF",7,"LIVER & PBMC & SAT & VAT","Fibrosis"
"CAFLVRTSYGKLTF_CASSFWNQETQYF",7,"LIVER & PBMC & VAT","Fibrosis"
"CAGPNAGNMLTF_CASSQEARYMSGELFF",7,"LIVER & PBMC & VAT","Fibrosis"
"CAGRTGGFKTIF_CATSRGRGTNTGELFF",7,"LIVER & PBMC","Fibrosis & No_fibrosis"
"CALTPWGGAQKLVF_CASSFGDSQETQYF",7,"PBMC & VAT","Fibrosis"
"CAMRDNTDKLIF_CASTLSNTGELFF",7,"SAT & VAT","Fibrosis"
"CAMREGGYNQGGKLIF_CASSQVRGQSSYEQYF",7,"LIVER & PBMC & SAT & VAT","Fibrosis"
"CAMREGRSNQGGKLIF_CASSHSQTGESYEQYF",7,"LIVER & PBMC & VAT","Fibrosis"
"CAMRELGYNAGKSTF_NA",7,"LIVER & VAT","Fibrosis"
"CAMRGAGANSKLTF_CASTPEVTGGDETQYF",7,"LIVER & PBMC & SAT & VAT","Fibrosis & No_fibrosis"
"CAPKLIF;CAVSVSSNTGKLIF_CASSRDRVRAFF",7,"LIVER & PBMC & SAT & VAT","Fibrosis"
"CAPKLIF_CASSRDRVRAFF",7,"LIVER & PBMC & SAT","Fibrosis"
"CASRSYNTDKLIF_CAISEPGQDYSNQPQHF",7,"LIVER & PBMC & VAT","Fibrosis"
"CATAYTGGFKTIF_CASSLFATSGSHGDEQFF",7,"LIVER & PBMC & VAT","Fibrosis"
"CAVAGNTGKLIF_CASSQQGARGSPLHF",7,"LIVER & VAT","Fibrosis"
"CAVNMDSNSGYALNF_CASSLGLDSPNINTEAFF",7,"LIVER & PBMC","Fibrosis & No_fibrosis"
"CAVRGPGAGSYQLTF_CASSIGRRASGYTF",7,"LIVER & PBMC & VAT","Fibrosis"
"CAVRGRSGYSTLTF_CAISESGANTEAFF",7,"PBMC & VAT","Fibrosis"
"CAVRSLNTGFQKLVF_CASSLQGMTEAFF",7,"PBMC & SAT","Fibrosis"
"CAVSDGQKLLF_CASSLPLGGGNNEQFF",7,"LIVER & VAT","Fibrosis"
"CAVSFILTGGGNKLTF_CSASRSPGQLSGNTIYF",7,"LIVER & SAT & VAT","Fibrosis"
"CAYRNSGGGADGLTF_NA",7,"LIVER & VAT","Fibrosis"
"CAYRRGNEKLTF_CAWRGLAGGDTQYF",7,"LIVER & VAT","Fibrosis"
"CGTLRDSGGYQKVTF_CASSPGAREKLFF",7,"LIVER & PBMC & SAT & VAT","Fibrosis"
"CIVDGNKLVF_CASSPDRASFTGELFF",7,"LIVER & VAT","Fibrosis"
"CLVVGFQKLVF_CASSPGTGGVYSNQPQHF",7,"LIVER & PBMC & VAT","No_fibrosis"
"CVVKGGTGRRALTF_CSADRISGNTIYF;CASTTGEGTDTQYF",7,"LIVER & PBMC & SAT","Fibrosis"
"CVVNERDTGFQKLVF_CASSFPEPQHF",7,"LIVER & PBMC & VAT","Fibrosis"
"CVVSDRGSTLGRLYF_NA",7,"LIVER & SAT & VAT","Fibrosis"
"CVVSRAYNTDKLIF_CASSLLAYNEQFF",7,"PBMC & SAT & VAT","Fibrosis"
"NA_CASRRMSYTF",7,"LIVER & PBMC & SAT","Fibrosis"
"NA_CASSFGRGLETQYF",7,"LIVER & VAT","Fibrosis"
"NA_CASSLGLAGTYEQYF",7,"PBMC & SAT & VAT","Fibrosis"
"NA_CASSLWAGVWNTEAFF",7,"LIVER & PBMC & SAT & VAT","Fibrosis"
"NA_CASSPRGQETQYF",7,"LIVER & PBMCC & SAT","Fibrosis"
"NA_CASSVGQGVSYEQYF",7,"PBMC & SAT & VAT","Fibrosis"
"NA_CASSYYGGPYEQYF",7,"LIVER & PBMC & SAT & VAT","Fibrosis"
"NA_CATSETAGETQYF",7,"LIVER & PBMC & VAT","Fibrosis"
"NA_CATSFVSGEVQYF",7,"LIVER & VAT","Fibrosis"
"NA_CATSGQGRDRFF",7,"LIVER & PBMCC & VAT","Fibrosis"
"CAAIHSYSSASKIIF_CASSLTGESSYNEQFF",6,"LIVER & PBMC & SAT","Fibrosis"
"CAASAPGSSNTGKLIF_CASSQDRRSYTF",6,"LIVER & VAT","Fibrosis"
"CAASEDYQLIW_CASSSMSGGGTIGYTF",6,"LIVER & PBMC & VAT","Fibrosis"
"CAASFPQTGANNLFF_CASSEAGLAGVWETQYF",6,"LIVER & PBMC & SAT","Fibrosis"
"CAASPLYGNNRLAF;CAVKNAGNMLTF_CASSSGSAIQPQHF",6,"LIVER & PBMCC & SAT","Fibrosis"
"CAASVAGYSTLTF_CASSPSEGEQYF",6,"LIVER & PBMC & VAT","No_fibrosis"
"CAATETSYDKVIF_CASSIPGLAANTGELFF",6,"LIVER & VAT","Fibrosis"
"CAERGLGQNFVF_CSVEAGVQHNEQFF",6,"LIVER & PBMCC & SAT","Fibrosis"
"CAEWFGSSYKLIF_CASSSPGQPEAFF",6,"LIVER & SAT","Fibrosis"
"CAFMKPFLNTGNQFYF_CASSQGRLAVGETQYF",6,"LIVER & PBMC & SAT & VAT","No_fibrosis"
"CAGQWEYGNKLVF_CASSFFSGELFF",6,"LIVER & SAT","Fibrosis"
"CAGRANFGNEKLTF_CASSIRPTGELFF",6,"LIVER & VAT","Fibrosis"
"CAGSELRYGGATNKLIF_CASSPGRTTYEQYF",6,"LIVER & PBMC & SAT & VAT","Fibrosis"
"CAGSMEYGNKLVF_CASSIWTIRGGDTQYF",6,"LIVER & SAT & VAT","Fibrosis"
"CALRTNSGGSNYKLTF_CASSYSGTARAEAFF",6,"LIVER & PBMC","Fibrosis & No_fibrosis"
"CALSEAVGDSWGKLQF_CSAELPDRNTDTQYF",6,"PBMC & VAT","Fibrosis"
"CAMSGLEYGNKLVF_CASGDSEKRTYEQYF",6,"LIVER & PBMC & VAT","Fibrosis"
"CAMSPISNFGNEKLTF_CASSFSGTWGGIPYEQYF",6,"LIVER & PBMC","Fibrosis"
"CAPSWAGNMLTF_CASSFRLAGAMDYTDTQYF",6,"LIVER & PBMC & VAT","Fibrosis & No_fibrosis"
"CAQNRGATNKLIF_CASSGTSGGATDTQYF",6,"LIVER & PBMC","Fibrosis & No_fibrosis"
"CATDEDSWGKLQF_CSARKERGGLNEQFF",6,"LIVER & PBMC & SAT & VAT","Fibrosis"
"CATDPPRLYSGGGADGLTF_CASSMDKSSYNEQFF",6,"PBMC & VAT","Fibrosis"
"CATEDDFGNEKLTF_CATSREGGETQYF",6,"LIVER & PBMC & VAT","Fibrosis"
"CATEGNFGNEKLTF_CATSVHGGETQYF",6,"PBMC & SAT & VAT","Fibrosis"
"CATESNFGNEKLTF_CATSETAGETQYF",6,"LIVER & VAT","Fibrosis"
"CATGGGYNFNKFYF_CASSSTQGGASYGYTF",6,"LIVER & SAT & VAT","Fibrosis"
"CATGSGYSTLTF_CASSYDRDGYGYTF",6,"LIVER & PBMC","Fibrosis & No_fibrosis"
"CAVELATNAGKSTF_CASSLAAGSYGYTF",6,"LIVER & PBMC & SAT","Fibrosis"
"CAVMPNAGNMLTF_CASSIFDATGQETQYF",6,"LIVER & PBMCC & SAT","Fibrosis"
"CAVNLNEKLTF_CATSSRSFYYNEQFF",6,"LIVER & PBMC","Fibrosis"
"CAVPFSGGYNKLIF_CATYSGDYGYTF",6,"LIVER & PBMCC","Fibrosis"
"CAVQAEETSGSRLTF_CASDRGNTGELFF",6,"SAT & VAT","Fibrosis"
"CAVRDSNYQLIW_CASSGGDTGELFF",6,"LIVER & VAT","No_fibrosis"
"CAVRDYNQGGKLIF_CASSLAEGAYEQYF",6,"LIVER & PBMCC & VAT","Fibrosis"
"CAVRERNTPLVF_CASSYSGTGVTGELFF",6,"PBMC & SAT & VAT","Fibrosis"
"CAVRGAYSGAGSYQLTF_CASSQDQGSNQPQHF",6,"LIVER & VAT","Fibrosis"
"CAVRGITGGGNKLTF_CASSLASDRAQETQYF",6,"LIVER & VAT","Fibrosis"
"CAVRHGQNFVF_CASSLEGDQPQHF",6,"LIVER & VAT","Fibrosis"
"CAVSEGSGNKLVF_CSASTQGPGNTIYF",6,"LIVER & PBMC & SAT","Fibrosis"
"CAVSGDSSYKLIF_CAISETGTVNTEAFF",6,"LIVER & PBMC & VAT","Fibrosis"
"CAVSSLYNNNDMRF_CAISPGGSGYGYTF",6,"PBMC & SAT","Fibrosis & No_fibrosis"
"CGTEILRLDNFNKFYF_CASSLGAAEAIYEQYF",6,"LIVER & PBMC & SAT & VAT","Fibrosis"
"CILRSGSNYKLTF_CSARDLGGTGVGAKNIQYF",6,"PBMC & VAT","Fibrosis"
"CLVGENTGGFKTIF_NA",6,"LIVER & PBMC & SAT & VAT","No_fibrosis"
"NA_CAISDDPNSYEQYF",6,"LIVER & PBMCC","Fibrosis"
"NA_CASSDWRQNTGELFF",6,"LIVER & SAT & VAT","Healthy"
"NA_CASSLGGQGPNRPQHF",6,"LIVER & VAT","Fibrosis"
"NA_CASSPPSVYGYTF",6,"PBMC & VAT","Fibrosis & No_fibrosis"
"NA_CASSQDGAGDLADEQYF",6,"LIVER & VAT","Fibrosis"
"NA_CASSQEWQGYYQPQHF",6,"LIVER & PBMC","Fibrosis"
"NA_CASSQGGILNSPLHF",6,"LIVER & PBMC","Fibrosis & No_fibrosis"
"NA_CASSRGGGSYNEQFF",6,"LIVER & VAT","Fibrosis"
"NA_CASSSWARRNQPQHF",6,"LIVER & PBMC & SAT","Fibrosis"
"NA_CATRAGIYTEAFF",6,"LIVER & SAT & VAT","Fibrosis"
"NA_CATSVGEGHTDTQYF",6,"LIVER & PBMC","Fibrosis"
"NA_CSARGQGLTYEQYF",6,"LIVER & SAT","Fibrosis"
"NA_CSASRSPGQLSGNTIYF",6,"LIVER & PBMCC & SAT","Fibrosis"
"CAARGYGNNRLAF;CATMDGSWGKLQF_CASRANRGHNEKLFF",5,"LIVER & PBMC","Fibrosis & No_fibrosis"
"CAASFLLGGSQGNLIF_CASSWQGNQPQHF",5,"PBMC & SAT","Fibrosis"
"CAASSGYALNF_CASSYSGTGNTGELFF",5,"LIVER & PBMC & SAT","Fibrosis"
"CAASYLIGFGNVLHC_CASSFGGLGTEAFF",5,"LIVER & PBMC & SAT","Fibrosis & No_fibrosis"
"CAAVVRDKIIF_CASGQVDRETQYF",5,"LIVER & VAT","Fibrosis"
"CAAYNTDKLIF_CASSLGAGYTF",5,"LIVER & PBMC & VAT","Fibrosis"
"CACGGSQGNLIF_CASTPGGGDLRRPQHF",5,"LIVER & PBMC & SAT & VAT","Healthy"
"CAEDNNNDMRF;CAESSNFGNEKLTF_CSARVIGGANEKLFF",5,"PBMC & VAT","Fibrosis"
"CAEILAAGGSQGNLIF_CASSIVAGAYNEQFF",5,"PBMC & SAT & VAT","No_fibrosis"
"CAEKRAYNFNKFYF_CASSLGLAGDGGEQFF",5,"LIVER & PBMC & VAT","Fibrosis"
"CAEMDSNYQLIW_CASSNLPGQGFETQYF",5,"LIVER & VAT","Fibrosis"
"CAENWGRDDKIIF_CASSLSRTGYEQYF",5,"LIVER & SAT & VAT","Fibrosis"
"CAFHGGSQGNLIF_CASSFIGGLASPLHF",5,"LIVER & PBMC","Fibrosis"
"CAGELPGANSKLTF_CASSPTSGNTIYF",5,"LIVER & VAT","Fibrosis"
"CAGHKGAQKLVF_CASSMRRLAGGLRTDTQYF",5,"LIVER & VAT","Fibrosis"
"CAGHPLVGFQGAQKLVF_CASSVGQGVSYEQYF",5,"PBMC & VAT","Fibrosis"
"CAGMDSNYQLIW_NA",5,"LIVER & PBMC","Fibrosis"
"CAGMYGGSQGNLIF_CSAGSLAGGSYNEQFF",5,"PBMC & SAT & VAT","Fibrosis"
"CAGQAEYGNKLVF_CATRAGIYTEAFF",5,"LIVER & PBMCC","Fibrosis"
"CAGSIAGANSKLTF_CASSPMVAETQYF",5,"PBMC & VAT","Fibrosis"
"CALDASSNTGKLIF_CSASGLLGGEETQYF",5,"LIVER & VAT","Fibrosis"
"CALLTGGGNKLTF_NA",5,"PBMC & SAT","Fibrosis & No_fibrosis"
"CALPANQAGTALIF_CASSSGPRWTEAFF",5,"LIVER & PBMC","Fibrosis & No_fibrosis"
"CALQSGNTPLVF_CSARGQGHTYEQYF",5,"LIVER & PBMCC & SAT","Fibrosis"
"CALSDGFKTIF_CASSVGQTYEQYF",5,"LIVER & VAT","Fibrosis"
"CALSDPSGNTPLVF_CASSQSLIASDEQFF",5,"LIVER & SAT","Fibrosis"
"CALSGSARQLTF_CASSQGESSYNSPLHF",5,"LIVER & SAT & VAT","Fibrosis"
"CALSGYNAGNMLTF_CASCTGGTVYGYTF",5,"LIVER & PBMC","Fibrosis"
"CAMKMKGGSEKLVF_CASSPIGGRNTEAFF",5,"LIVER & VAT","Fibrosis"
"CAMRDTIADGLTF_CASSQEGLAGGTFNEQFF",5,"LIVER & VAT","Healthy"
"CAMRELDASGSARQLTF_CASSQDRGVQGDGYTF",5,"PBMC & SAT","Fibrosis"
"CAMSGRESTGGFKTIF_CAISESVQGAWEQYF",5,"LIVER & PBMC & VAT","Fibrosis"
"CAPGGFKTIF_CAWSVQDRLYEQYF",5,"PBMC & SAT & VAT","Fibrosis"
"CARNTGNQFYF_CASSYQTGVGAYGYTF",5,"LIVER & PBMC & VAT","Fibrosis"
"CATASKGGSEKLVF;CAYRSGESNFGNEKLTF_CASLAGAADTQYF",5,"LIVER & VAT","Fibrosis"
"CATERFSGNTPLVF_CASSIPWGRDYGYTF",5,"LIVER & PBMC & VAT","Fibrosis"
"CATIQGAQKLVF_CASSLVDTNEQFF",5,"LIVER & PBMC & SAT","Fibrosis"
"CATYNYGQNFVF_CASSVTVRGSYEQYF",5,"LIVER & PBMC & SAT","Fibrosis"
"CAVENGQKLLF_CASSPTGRNEQFF",5,"LIVER & PBMC & VAT","Fibrosis"
"CAVHRLDNYGQNFVF_CSARGLIWRELEDTQYF",5,"LIVER & SAT","Fibrosis"
"CAVIARSDGQKLLF_CASSVRWGEPLHF",5,"LIVER & VAT","Fibrosis"
"CAVIRISSGSARQLTF_CASSILPAGMNTEAFF",5,"LIVER & PBMC & VAT","Fibrosis & No_fibrosis"
"CAVKGFRGDNFNKFYF;CAVRDGTGGFKTIF_CSVRVLGNEQFF",5,"LIVER & VAT","Fibrosis & No_fibrosis"
"CAVLYGNNRLAF_CASRRHLSGANVLTF",5,"LIVER & PBMC & SAT & VAT","Fibrosis"
"CAVMDSNYQLIW_CASTLAETSTDTQYF",5,"LIVER & PBMC","Fibrosis"
"CAVNADAGNMLTF_CASSLDRQVLFF",5,"LIVER & PBMC & VAT","Fibrosis"
"CAVNNRYNFNKFYF_CASSVHGTSGSVLAGELFF",5,"SAT & VAT","Fibrosis"
"CAVQAKGTSYGKLTF_CASSLDREKLFF",5,"LIVER & VAT","Fibrosis"
"CAVQARGGNYQLIW_CASRGMEETQYF",5,"LIVER & PBMCC & SAT & VAT","Fibrosis"
"CAVRDGGAGKSTF_CAWSVRDTDTQYF",5,"LIVER & SAT & VAT","Fibrosis"
"CAVRDGTGGFKTIF_CSVRVLGNEQFF",5,"LIVER & VAT","Fibrosis & No_fibrosis"
"CAVRDSNYQLIW_CASSPGEEGNIQYF",5,"LIVER & VAT","No_fibrosis"
"CAVRDSNYQLIW_CASSQDTSGSYEQYF",5,"LIVER & PBMC & VAT","Fibrosis"
"CAVRDYNQGGKLIF_NA",5,"LIVER & PBMCC & SAT","Fibrosis"
"CAVRGVNNNDMRF_CASSTSRADPNSPLHF",5,"LIVER & PBMCC & VAT","Fibrosis"
"CAVSGAGMSSGSARQLTF_CASSVTKGLNEKLFF",5,"LIVER & PBMCC & VAT","Fibrosis"
"CAVSPTYTPLVF_CASKSRGGSPLHF",5,"LIVER & PBMC & VAT","Fibrosis"
"CAVVDSNYQLIW_CASSPRGSGDTDTQYF",5,"LIVER & PBMC & SAT","Fibrosis"
"CAYKTEDDKIIF_CASSHTGDNQPQHF",5,"LIVER & PBMC & VAT","Fibrosis"
"CAYYSGDDKIIF_CASSLRTAHNEQFF",5,"PBMC & VAT","Fibrosis"
"CGTECVAAGNKLTF_CASSSGGFKDPTYEQYF",5,"LIVER & VAT","Fibrosis"
"CGTEIILIKAAGNKLTF_CASSLSGVETVDTQYF",5,"LIVER & PBMC & SAT","Fibrosis & No_fibrosis"
"CILRDADKLIF_CAASRASRDYTF",5,"LIVER & SAT & VAT","Fibrosis"
"CLVGDMMDTGFQKLVF_CASRGHSSSYNEQFF",5,"SAT & VAT","Fibrosis"
"CVVRRGGYNKLIF_CASSFSLPTGGFSGANVLTF",5,"LIVER & VAT","No_fibrosis"
"CVVSSSQAGTALIF_CASSLIRTGGTGELFF",5,"LIVER & VAT","Fibrosis"
"CVVTPGVNNDMRF_CASSLWRQETQYF",5,"LIVER & PBMC & VAT","No_fibrosis"
"NA_CASGHSGQGTIGYTF",5,"LIVER & VAT","Fibrosis"
"NA_CASRSGQLNTEAFF",5,"LIVER & SAT & VAT","Fibrosis"
"NA_CASRYGAYTNTGELFF",5,"LIVER & SAT","Fibrosis"
"NA_CASRYGGNSPLHF",5,"LIVER & PBMC & VAT","Fibrosis"
"NA_CASSAGASGERSSPLHF",5,"LIVER & PBMC","No_fibrosis"
"NA_CASSAHVNEKLFF",5,"PBMC & VAT","Fibrosis"
"NA_CASSANRVRTEAFF",5,"LIVER & PBMC & VAT","Fibrosis"
"NA_CASSESTGVKEQYF",5,"LIVER & PBMC & VAT","Fibrosis"
"NA_CASSGQGSGNTEAFF",5,"LIVER & PBMC","Fibrosis"
"NA_CASSLAGGLSYNEQFF",5,"LIVER & SAT","Fibrosis"
"NA_CASSLGGATDTQYF",5,"LIVER & SAT","Fibrosis"
"NA_CASSMVGETQYF",5,"LIVER & VAT","Fibrosis"
"NA_CASSPGQGHEQFF",5,"LIVER & PBMC & VAT","Fibrosis"
"NA_CASSPPGGGSPETQYF",5,"LIVER & PBMC & VAT","Fibrosis"
"NA_CASSPSDLAYEQYF",5,"LIVER & VAT","Fibrosis"
"NA_CASSQIAGLGTDTQYF",5,"LIVER & SAT & VAT","Fibrosis"
"NA_CASSRSGGSSYNEQFF",5,"LIVER & PBMC & VAT","Fibrosis"
"NA_CASSVTVRGSYEQYF",5,"LIVER & SAT & VAT","Fibrosis"
"NA_CASSWAGYEQYF",5,"LIVER & SAT & VAT","Fibrosis"
"NA_CASSYSGTGNTGELFF",5,"LIVER & PBMC & SAT","Fibrosis"
"NA_CASTTRAYGGGPGYTF",5,"PBMC & VAT","Fibrosis"
"NA_CATSVHGGETQYF",5,"LIVER & PBMC","Fibrosis"
"NA_CAWSVQGDQPQHF",5,"LIVER & PBMC & VAT","Fibrosis"
"NA_CSARTDISTDTQYF",5,"LIVER & VAT","Fibrosis"
"CAAFDTGRRALTF_CASSSSYEQYF",4,"LIVER & PBMC","Fibrosis"
"CAARANNARLMF_CASRGDGSNSPLHF",4,"LIVER & VAT","Fibrosis"
"CAARLSGTYKYIF_CSASKEQGGNQPQHF",4,"PBMC & VAT","Fibrosis"
"CAASGGYNFNKFYF_CASSSTSGGASYEQYF",4,"LIVER & PBMC","Fibrosis"
"CAASTASGTYKYIF_CSARDLLGGMPQYF",4,"LIVER & PBMC & VAT","Fibrosis"
"CAASTRTGGSYIPTF_CASSVDPGLAAQYF",4,"PBMC & VAT","Fibrosis"
"CACQDSNYQLIW_NA",4,"LIVER & VAT","Fibrosis"
"CAENPDSGTYKYIF_CSAMTGRDEQYF",4,"LIVER & PBMC & VAT","Fibrosis"
"CAESLHSGNTPLVF_CASSQEVGLARAETQYF",4,"LIVER & PBMC","Fibrosis"
"CAESYSSASKIIF_CASSLGGHQPQHF",4,"LIVER & VAT","Fibrosis"
"CAFRQAGTALIF_CSARDRLMGKNIQYF",4,"LIVER & PBMC & SAT","Fibrosis"
"CAGAQGSNYQLIW_CASSPSSGSKNIQYF",4,"LIVER & VAT","Fibrosis"
"CAGEKAAGNKLTF_NA",4,"SAT & VAT","Fibrosis"
"CAGKKGGGADGLTF_CASSPRGNNSPLHF",4,"PBMC & VAT","Fibrosis & No_fibrosis"
"CAGLSYSGAGSYQLTF_CASSPTGALEAFF",4,"LIVER & VAT","Fibrosis"
"CAGPNNAGNMLTF_CASSFRRSGLREKLFF",4,"LIVER & PBMC","Fibrosis"
"CAGPSGTYKYIF_CASSWGDRVQPQHF",4,"PBMC & VAT","Fibrosis"
"CAGQGEYGGSQGNLIF_CASSYGGAYGYTF",4,"LIVER & PBMC & VAT","Fibrosis"
"CAGRPPSGSRLTF_NA",4,"PBMC & SAT","Fibrosis"
"CAGRTPGGATNKLIF_CASSRDRVHKLFF",4,"LIVER & VAT","Fibrosis"
"CALALTSHARLMF_CASSVAAILRDEQFF",4,"PBMC & SAT & VAT","Fibrosis"
"CALDSNYQLIW_CANQHRGQRPQHF;CASSVDGGITDTQYF",4,"LIVER & PBMC","Fibrosis"
"CALERQGQKLLF_CASSLGVGGNQPQHF",4,"SAT & VAT","Fibrosis"
"CALGETDSWGKLQF_NA",4,"LIVER & PBMC & VAT","Fibrosis"
"CALGSMDSNYQLIW_CASSLSGPYGYTF",4,"PBMC & VAT","No_fibrosis"
"CALREPNYGGSQGNLIF_CASSQEAAAVTGELFF",4,"LIVER & PBMC & VAT","Fibrosis"
"CALRGDLLFSGGYNKLIF;CVVNMGQFYF_CASSYGDKYEQYF",4,"SAT & VAT","Fibrosis"
"CALRIKGGSEKLVF_CATWDRDFYNEQFF",4,"LIVER & PBMC & SAT","Fibrosis"
"CALSDQGGSEKLVF_CSASWSGGTGELFF",4,"LIVER & SAT","Fibrosis"
"CALSVYGQNFVF_NA",4,"LIVER & SAT","Fibrosis"
"CALTPYSSASKIIF_CASSSPGQAENIQYF",4,"LIVER & PBMC & SAT","Fibrosis"
"CALVGRDDKIIF_CASSLNRDTEQFF",4,"LIVER & SAT","Fibrosis"
"CAMNQFYF_CASSLEQTYEQYF",4,"LIVER & VAT","Fibrosis"
"CAMRAYRASSSWGKLQF_CATSGFPRQGENEKLFF",4,"PBMC & SAT","Fibrosis & No_fibrosis"
"CAMREGISSGSARQLTF_CSVEDWLQNYGYTF",4,"LIVER & PBMC","Fibrosis"
"CAMREGWNAGNMLTF_CASSYSLGVNSPLHF",4,"LIVER & VAT","Fibrosis"
"CAMSKSGGGADGLTF_CASSSRAVTNTQYF",4,"LIVER & VAT","Fibrosis"
"CAQSNYGQNFVF_CASSRGKRAAEGYTF",4,"PBMC & VAT","Fibrosis"
"CARTFGNEKLTF_CASSRTFGGELFF",4,"SAT & VAT","Fibrosis"
"CATAAYSGAGSYQLTF_CASSLTVASGKNNEQFF",4,"LIVER & SAT","Healthy"
"CATASSYNTDKLIF_CASSQRQGLDDEQFF",4,"SAT & VAT","Fibrosis"
"CATDGASGGSYIPTF_CASSERITGLRKDTQYF",4,"LIVER & SAT","Fibrosis & No_fibrosis"
"CATDVSGNTGKLIF_CASSKLGNEQFF",4,"LIVER & PBMC & VAT","Healthy"
"CATEGARGGADGLTF;CAFIRGGADGLTF_CASSLITGGNEQFF",4,"LIVER & PBMC","Fibrosis & No_fibrosis"
"CATERFSGNTPLVF_NA",4,"LIVER & PBMC & VAT","Fibrosis"
"CATTKGSNYQLIW_CASSQDARWTNEKLFF;CASSPPGPATYGYTF",4,"LIVER & PBMC & SAT & VAT","Fibrosis"
"CATVNRMDSSYKLIF_CASSLIGISSYNEQFF",4,"LIVER & VAT","Fibrosis"
"CAVDGPYYGQNFVF_CASSTQNMNTEAFF",4,"LIVER & PBMC & SAT","Fibrosis"
"CAVGSGDQTGANNLFF_CASRMGRTEAFF",4,"PBMC & VAT","Fibrosis"
"CAVIHSGGYQKVTF_CASSGGDYGYTF",4,"LIVER & VAT","Fibrosis"
"CAVLSDTNAGKSTF_CASTTDRNNQPQHF",4,"LIVER & PBMC","Fibrosis"
"CAVLYGNNRLAF_CASSFHPGTNSPLHF",4,"LIVER & SAT","Fibrosis"
"CAVMDSNYQLIW_CASSTHEHTGELFF",4,"LIVER & PBMC","Fibrosis"
"CAVMDSNYQLIW_CASTIQEGAGGQPQHF",4,"PBMC & VAT","Fibrosis"
"CAVNGGFKTIF_CASSPPGTSGGQETQYF",4,"PBMC & VAT","Fibrosis"
"CAVPYNNNDMRF_NA",4,"LIVER & PBMC","Fibrosis"
"CAVQAGDSWGKLQF_CASTQAQGGDTQYF",4,"LIVER & PBMC","Fibrosis"
"CAVQAPGGKLIF_CASSTDGNYGYTF",4,"LIVER & VAT","Fibrosis"
"CAVRDSDYKLSF_CASSAASGGSDTQYF",4,"LIVER & PBMC","Fibrosis"
"CAVRGLTGANNLFF_CASSIRTDLFSSYNSPLHF",4,"LIVER & PBMCC & SAT","Fibrosis"
"CAVRPFLSGGGADGLTF_CASSLEWTGGTDTQYF",4,"LIVER & PBMC & SAT","Fibrosis"
"CAVRRVGFGNVLHC_CASSQDIGTGYYEQYF",4,"LIVER & PBMC & VAT","Fibrosis"
"CAVSDPTGGSNYKLTF_CASSATGGQETQYF",4,"LIVER & PBMC","Fibrosis"
"CAVSEIQGAQKLVF;CAFMKLNNAGNMLTF_CASSLPWGGPSEKLFF",4,"SAT & VAT","No_fibrosis"
"CAVSGLTGGGNKLTF_CSVGAGSEQYF",4,"LIVER & VAT","Fibrosis"
"CAVSPMDSSYKLIF_CASKGSTEAFF",4,"SAT & VAT","Fibrosis"
"CAVTGNQFYF_CASSLGGLLYNEQFF",4,"LIVER & PBMC","Fibrosis"
"CAVWGAQKLVF_CSARTTYGYTF",4,"LIVER & VAT","Fibrosis"
"CAYRKTSYDKVIF_CASSYSISRGHQETQYF",4,"LIVER & PBMC & VAT","Fibrosis"
"CAYRSWNNAGNMLTF_CASSGTSGGNEQFF",4,"SAT & VAT","Fibrosis"
"CGADPSGTYKYIF_CASSRSGGVDYNEQFF",4,"PBMC & SAT & VAT","Fibrosis"
"CILNGGSNYKLTF_CSVAGTSVYNEQFF",4,"LIVER & PBMCC","Fibrosis"
"CILRDNNAGNNRKLIW_CASSRTLGRGYTF",4,"LIVER & PBMC & VAT","Fibrosis"
"CISSAPGSSNTGKLIF_CASSPKRPEAFF",4,"LIVER & SAT","Fibrosis"
"CIVRDSYSGAGSYQLTF_CASSRLAGGQDTQYF",4,"LIVER & PBMC & VAT","Fibrosis"
"CIVRVDVNTDKLIF_CASSATGGQETQYF",4,"LIVER & PBMC & SAT","Fibrosis"
"CIVVSNSGYALNF_CASSQIAGLGTDTQYF",4,"LIVER & VAT","Fibrosis"
"CLVGDKGGYNKLIF_CASSGRQVLMGAFF",4,"LIVER & SAT","Fibrosis"
"CLVGELPSGTYKYIF;CAVELATNAGKSTF_CASSLAAGSYGYTF",4,"LIVER & SAT & VAT","Fibrosis"
"CLVSGGYQKVTF;CAVEDRGNSGYSTLTF_CASSQEQARPSGNTIYF",4,"LIVER & PBMC & SAT & VAT","Fibrosis"
"CSFSGGSNYKLTF_CASSSSGYTEAFF",4,"PBMC & VAT","Fibrosis & No_fibrosis"
"CVPMDSNYQLIW_CASSVVGEGPTGELFF",4,"LIVER & PBMC","Fibrosis"
"CVVISSGSARQLTF_CASQGFQETQYF",4,"LIVER & SAT","Fibrosis"
"CVVNEDDKIIF_CASTKEGKGIQYF",4,"PBMC & VAT","Fibrosis"
"CVVNMGIPNDMRF_CATSRDSTDYGYTF",4,"LIVER & SAT & VAT","Fibrosis"
"CVVNPTDKLIF_CASSPQSAYEQYF",4,"LIVER & VAT","No_fibrosis"
"CVVSDRGSTLGRLYF_CASSELGYRREGDTQYF",4,"SAT & VAT","Fibrosis"
"NA_CASGLGIGTGWRDNSPLHF",4,"LIVER & VAT","Fibrosis"
"NA_CASKAGEANTEAFF",4,"LIVER & PBMC & VAT","Fibrosis"
"NA_CASMGSTEAFF",4,"PBMC & VAT","Fibrosis"
"NA_CASSDTGGTLDGYTF",4,"LIVER & PBMC & VAT","No_fibrosis"
"NA_CASSEFEGLLYEQYF",4,"LIVER & PBMC","Fibrosis"
"NA_CASSFGTGRETQYF",4,"LIVER & VAT","Fibrosis"
"NA_CASSGTGGAGANVLTF",4,"LIVER & VAT","Fibrosis"
"NA_CASSIGSGTYEQYF",4,"PBMC & VAT","Fibrosis"
"NA_CASSLAVLPTDTQYF",4,"LIVER & SAT","Healthy"
"NA_CASSLEGGRYNEQFF",4,"SAT & VAT","Fibrosis"
"NA_CASSLGAAEAIYEQYF",4,"PBMC & SAT & VAT","Fibrosis"
"NA_CASSLGSVNEQFF",4,"LIVER & PBMC & VAT","Fibrosis"
"NA_CASSLGTTDTQYF",4,"LIVER & SAT","Fibrosis"
"NA_CASSLWWDRDDEQYF",4,"SAT & VAT","Fibrosis"
"NA_CASSPAQVNTDTQYF",4,"PBMC & SAT & VAT","Fibrosis"
"NA_CASSPNRNTEAFF",4,"LIVER & VAT","Fibrosis"
"NA_CASSPPRGGPYEQYF",4,"SAT & VAT","Fibrosis"
"NA_CASSQDPTGPWLELFF",4,"LIVER & PBMC","Fibrosis & No_fibrosis"
"NA_CASSQEDRVVYEQYF",4,"SAT & VAT","Fibrosis"
"NA_CASSQELSPDTQYF",4,"LIVER & VAT","Fibrosis"
"NA_CASSRDRVRAFF",4,"LIVER & SAT & VAT","Fibrosis"
"NA_CASSRIPGPTNTEAFF",4,"PBMC & VAT","Fibrosis & No_fibrosis"
"NA_CASSRTGAGGETQYF",4,"PBMC & VAT","No_fibrosis"
"NA_CASSSFYEQYF",4,"PBMC & VAT","Fibrosis"
"NA_CASSSGQGYTGELFF",4,"LIVER & PBMC","Fibrosis"
"NA_CASSVGAHRTGGTEAFF",4,"LIVER & SAT & VAT","Fibrosis"
"NA_CASSVWLANTEAFF",4,"PBMC & SAT & VAT","Fibrosis"
"NA_CASTPGGGDLRRPQHF",4,"LIVER & SAT & VAT","Healthy"
"NA_CATGGTGDNQPQHF",4,"LIVER & VAT","Fibrosis"
"NA_CATSRDAGSEQFF",4,"LIVER & VAT","Fibrosis"
"NA_CATTPGPTYNEQFF",4,"LIVER & SAT","Fibrosis"
"NA_CAWSGDGQLTNEKLFF",4,"LIVER & PBMC","Fibrosis"
"NA_CAWSRQGDQPQHF",4,"LIVER & PBMC & SAT","Fibrosis"
"NA_CSARDWTSGSETQYF",4,"LIVER & VAT","Fibrosis"
"NA_CSGGNRNGYTF",4,"LIVER & PBMC & SAT & VAT","Fibrosis"
"CAADNYGQNFVF_NA",3,"LIVER & SAT & VAT","Fibrosis"
"CAAIIQGAQKLVF_CSASGDTYSNQPQHF",3,"SAT & VAT","Fibrosis"
"CAAKGAQKLVF_CASSFYWGSNTEAFF",3,"LIVER & PBMC","Fibrosis"
"CAALKAAGNKLTF_CASNTGVYNEQFF",3,"LIVER & PBMC & VAT","Fibrosis"
"CAALSNTGNQFYF_CASSQGTGRYEQYF",3,"LIVER & VAT","Fibrosis"
"CAAMDSNYQLIW_CATRGDRNYDTGELFF",3,"LIVER & PBMC","Fibrosis"
"CAAMDSNYQLIW_CSARGVDDRALPNQETQYF",3,"LIVER & PBMC","Fibrosis"
"CAAQTRSSSGGSYIPTF_CASSATRTGELFF",3,"LIVER & VAT","Fibrosis"
"CAARETGNQFYF_NA",3,"LIVER & PBMC","Fibrosis"
"CAARSQSGNQFYF_CASRDTGGASYGYTF",3,"LIVER & VAT","Fibrosis"
"CAASDGGGADGLTF_CASSFIAGGHEQFF",3,"LIVER & PBMCC","Fibrosis"
"CAASDRGSTLGRLYF_CASSLGSTGEAFF",3,"LIVER & VAT","Fibrosis"
"CAASGLTGANNLFF_CASSFLSYEQYF",3,"LIVER & SAT","Fibrosis"
"CAASGPGGSYIPTF_CASSLVFTDTQYF",3,"PBMC & SAT","Fibrosis"
"CAASGQEKTSYDKVIF_CASSPTRAGEQFF",3,"LIVER & VAT","Fibrosis"
"CAASGRNNDMRF_CASSSTGTGGQYEQFF",3,"PBMC & SAT","Fibrosis"
"CAASGTSYGKLTF_CASSLLGDGQGVNSPLHF",3,"PBMC & VAT","No_fibrosis"
"CAASKGTALIF_CASSTYPNTEAFF",3,"PBMC & VAT","Fibrosis"
"CAASLGGADGLTF_CASSLAEGMNTEAFF",3,"LIVER & SAT","Fibrosis"
"CAASPLNTGNQFYF_CASSLGRGELFF",3,"LIVER & PBMC","Fibrosis"
"CAASREGSGGSNYKLTF_CASSTGSVITGELFF",3,"LIVER & PBMC","Fibrosis"
"CAASRRDSSYKLIF_CASSWQGGYEQYF",3,"LIVER & VAT","Fibrosis & No_fibrosis"
"CAASRSYNTDKLIF_NA",3,"LIVER & VAT","Fibrosis"
"CAASRTGNQFYF_CASSIDRAGPYGYTF",3,"PBMC & VAT","Fibrosis"
"CAASTDLDDYKLSF_CASSSDRNSPLHF",3,"PBMC & VAT","Healthy"
"CAATYEGAQKLVF_CSARPDFAYEQYF",3,"LIVER & PBMCC","Fibrosis"
"CAAVGRGGGNKLTF_CASIPRDRGRKNYGYTF",3,"LIVER & SAT","Fibrosis"
"CAAWGGAQKLVF_CASSPRGQGTEKLFF",3,"SAT & VAT","Fibrosis"
"CAAYPMDTGRRALTF_CASSSSGLTEQYF",3,"PBMC & VAT","No_fibrosis"
"CACQDSNYQLIW_CASSVKTGTGGYEQYF",3,"SAT & VAT","Fibrosis"
"CAEISSASKIIF_CSARDDRQGDYEKLFF",3,"LIVER & PBMC","Fibrosis & No_fibrosis"
"CAEIYGQNFVF_CASSLDLENSYGYTF",3,"LIVER & SAT","Fibrosis"
"CAENIGGATNKLIF;CAVKGSWGKLQF_CASSPTGDTQYF",3,"LIVER & VAT","Fibrosis"
"CAETYTGGFKTIF_NA",3,"LIVER & VAT","Fibrosis"
"CAEYNFNKFYF_CASSLEGLAGYSSSYNEQFF;CASSLCRAEEGNNEQFF",3,"PBMC & VAT","Fibrosis"
"CAFIPSNTDKLIF_CASGLAPYRGRNGYTF",3,"SAT & VAT","Fibrosis"
"CAFLLPSGNTPLVF_CSARDRQGATGELFF",3,"LIVER & PBMCC","Fibrosis"
"CAFSDSNYQLIW_CASSELAGGQETQYF",3,"LIVER & VAT","Fibrosis"
"CAFTLPGGTSYGKLTF_NA",3,"SAT & VAT","Fibrosis"
"CAGAQAGGTSYGKLTF_CAISSSGANVLTF",3,"LIVER & PBMC & SAT","Fibrosis"
"CAGDGQNFVF_CASSYRRTYEQYF",3,"PBMC & VAT","Fibrosis"
"CAGEKAAGNKLTF_CASSEQGLGGYTF",3,"LIVER & VAT","Fibrosis"
"CAGHTNNFNKFYF_CASSYSGHPGTGELFF",3,"LIVER & PBMC","Fibrosis"
"CAGLSNTGNQFYF;CAFSLYNNNDMRF_CSARASWSDTQYF",3,"SAT & VAT","Fibrosis"
"CAGLTQGGSEKLVF_CASSLYYEQFF",3,"LIVER & SAT","Fibrosis"
"CAGMDSNYQLIW_CASSSRDTDTQYF",3,"LIVER & PBMC","Fibrosis"
"CAGMDSSYKLIF_CASSDRDTGELFF",3,"LIVER & PBMC","Fibrosis"
"CAGPSGAQKLVF_CASSPGLRDQPQHF",3,"PBMC & SAT & VAT","Fibrosis"
"CAGPWVVGSEKLVF_CASSPTFDTLSTDTQYF",3,"LIVER & PBMC & VAT","Fibrosis"
"CAGRAYSGAGSYQLTF_CASSTPGGGGTDTQYF",3,"LIVER & VAT","Fibrosis"
"CAGRDSGFQKLVF_CASSPGLQNTEAFF",3,"LIVER & VAT","Fibrosis"
"CAGRNAGGTSYGKLTF_CASSLGKGLQETQYF",3,"PBMC & VAT","Fibrosis"
"CAHKKYNFNKFYF_CASRTTNEKLFF",3,"PBMC & SAT & VAT","Fibrosis"
"CAIHGGGADGLTF_CASSESGVPYNEQFF",3,"LIVER & VAT","Fibrosis"
"CALALRGSGTYKYIF_CASSLSSNNEQFF",3,"LIVER & PBMCC & VAT","Fibrosis"
"CALEGGGGNKLTF_CAIAGTSGNNEQFF",3,"LIVER & VAT","Fibrosis"
"CALERRDSNYQLIW_CASSQDQAGTVTDTQYF",3,"PBMC & SAT","Fibrosis"
"CALGGGYQKVTF_CATSVAGVADTQYF",3,"LIVER & PBMC","Fibrosis & No_fibrosis"
"CALGKGDSWGKFQF_CATSLSDWGVSTDEQYF;CASSSPSGRDTDTQYF",3,"PBMCC & SAT & VAT","Fibrosis"
"CALKMSNFGNEKLTF_CASSISSVGVNIQYF",3,"LIVER & PBMC","Fibrosis"
"CALKSGGSYIPTF_CSVEQDRGTQGEQYF",3,"PBMC & VAT","Fibrosis"
"CALNEPNAGKSTF_CASSELPGDYGYTF",3,"LIVER & SAT & VAT","Fibrosis"
"CALNSGGYQKVTF_CSARGQGNQPQHF",3,"LIVER & SAT & VAT","Fibrosis"
"CALRGGSGTYKYIF_CASSFSSLGDTQYF",3,"PBMC & SAT & VAT","Fibrosis"
"CALRGQGAQKLVF_CAWSLQGDQPQHF",3,"PBMC & VAT","Fibrosis"
"CALSDHNYGQNFVF_CASSEGQGNSPLHF",3,"LIVER & VAT","Fibrosis"
"CALSEAAGGADGLTF_CASSQARGLARYYEQYF",3,"LIVER & PBMC","Fibrosis"
"CALSEANSGNTPLVF_CASSKNRGPSDIQYF",3,"LIVER & VAT","Fibrosis"
"CALSEARYGGSQGNLIF_CASSAQAAGGADTQYF",3,"LIVER & VAT","Fibrosis"
"CALSEESSGSARQLTF_CASTRGWGNGYTF",3,"PBMC & SAT","Fibrosis"
"CALSEGPMEYGNKLVF_CASSQDLGTDQPQHF",3,"LIVER & SAT","Fibrosis"
"CALSETITGNQFYF_CASSVVGRGTTGELFF",3,"LIVER & PBMC","Fibrosis"
"CALSGPNTGNQFYF_CASSPAQGRNTEAFF",3,"LIVER & PBMC & VAT","Fibrosis"
"CALSGSYQLTF_CASSLGEQFF",3,"PBMC & VAT","Fibrosis"
"CALSNAGNMLTF_CASSGGQGSYNEQFF",3,"LIVER & SAT","Fibrosis"
"CALSSNDYKLSF_CASRGRGTGAGREQFF",3,"LIVER & VAT","Fibrosis"
"CALSSSNTGKLIF_CASSLGGTVKELFF",3,"LIVER & VAT","Fibrosis"
"CALTITQGGSEKLVF_CASSLFSTGRYEQYF",3,"SAT & VAT","Fibrosis"
"CALTPPAGFGNVLHC_CAISPESFDREYQPQHF",3,"PBMC & VAT","Fibrosis"
"CAMRDNTGGFKTIF_CASRPGTGATNEKLFF",3,"LIVER & VAT","No_fibrosis"
"CAMREEVFRRALTF_CSVLPYLTDREEDTQYF",3,"LIVER & PBMC","Fibrosis"
"CAMREGAAGNKLTF_CASREDTLAKNIQYF",3,"LIVER & VAT","Fibrosis"
"CAMREGRLGDDKIIF_CASSPTSGGLYNEQFF",3,"LIVER & SAT","Fibrosis"
"CAMRELSDQTGANNLFF_CASSVGGTGELFF",3,"LIVER & SAT","Fibrosis"
"CAMREPNRDDKIIF;CAVETNAGKSTF_CASGALGSAHNEQFF",3,"LIVER & VAT","Fibrosis"
"CAMRERGYNTDKLIF_CASSIDNDRGFPEAFF",3,"PBMC & VAT","Fibrosis"
"CAMRGPTLTF_CASSLSGGANYGYTF",3,"LIVER & PBMC & SAT","Fibrosis"
"CAMRRPSGGYNKLIF_CASSPSDGRSGNTIYF",3,"LIVER & VAT","Fibrosis"
"CAMSAGSGSARQLTF_CASSVRVGYGYTF",3,"LIVER & VAT","Fibrosis"
"CAMSASTGNQFYF_CASRKGGRVRGEQYF;CASSYSGNGGATDTQYF",3,"LIVER & PBMC","Fibrosis"
"CAMSGGVNQFYF_CASSPKTGVVTEAFF",3,"PBMC & VAT","Fibrosis"
"CAMTLNNKLIF_CASSLGTTEAFF",3,"PBMC & SAT & VAT","Healthy"
"CAPNSGGSNYKLTF_CASSIWGASGELFF",3,"LIVER & SAT","Fibrosis & No_fibrosis"
"CAPSENTDKLIF_CASTETSGAAYNEQFF",3,"LIVER & VAT","Fibrosis"
"CARSTLGGGADGLTF_CASSQTGGGGFSYNEQFF",3,"LIVER & VAT","Fibrosis"
"CARTPSSNTGKLIF_CARVGTGSFEQYF",3,"LIVER & VAT","No_fibrosis"
"CASMDSNYQLIW_CASSQEPLAGPMGTQYF",3,"LIVER & VAT","Fibrosis"
"CASMDSNYQLIW_CAWNAGDTGELFF",3,"LIVER & PBMC","Fibrosis"
"CASMDSNYQLIW_CSARDLAGGENTGELFF",3,"LIVER & PBMC","Fibrosis"
"CASRKQLTF;CAVRDSNYQLIW_CSARGEGDSQPQHF",3,"LIVER & VAT","Fibrosis"
"CASSDGQKLLF_CASSLTGESSYNEQFF",3,"LIVER & VAT","Fibrosis"
"CATARSDGQKLLF_CATSDPSGAGETQYF",3,"LIVER & VAT","No_fibrosis"
"CATDDNNDMRF_CASSLRDRGIEVRPQHF",3,"PBMC & VAT","Fibrosis"
"CATDDWGSQGNLIF_NA",3,"PBMC & SAT","Fibrosis"
"CATRNSGGYQKVTF_NA",3,"PBMC & SAT","Fibrosis"
"CATVLSGYNKLIF_CASSIDAATNEKLFF",3,"PBMC & VAT","Fibrosis"
"CAVDTGGFKTIF_CASSLYRTTDTQYF",3,"LIVER & VAT","Fibrosis"
"CAVEGGGSGNTGKLIF_CASISLEQYF",3,"LIVER & VAT","Fibrosis"
"CAVESKYGGSQGNLIF_CASSIRSSWEQFF",3,"SAT & VAT","Fibrosis"
"CAVGEDSGTYKYIF_NA",3,"LIVER & PBMC","Fibrosis"
"CAVGPYNTDKLIF_CASGTGGASRNQPQHF",3,"LIVER & PBMCC","Fibrosis"
"CAVGVGFGNVLHC_CASSLRQNTEAFF",3,"LIVER & PBMC","Fibrosis & No_fibrosis"
"CAVKDSGYSTLTF_CASSGGETQYF",3,"PBMC & SAT & VAT","Fibrosis"
"CAVKDSNYQLIW_CASSPVGESGELFF",3,"LIVER & PBMC","Fibrosis"
"CAVKDSNYQLIW_CSASRGGGVTEAFF",3,"LIVER & SAT","Fibrosis"
"CAVKGSWGKLQF_CASSPTGDTQYF",3,"LIVER & VAT","Fibrosis"
"CAVKVSRDGGSQGNLIF_CASSLGASWETQYF",3,"PBMC & VAT","Fibrosis"
"CAVLDSNYQLIW_CASSEEAGGNYEQYF",3,"LIVER & SAT & VAT","Fibrosis"
"CAVLGGFGNEKLTF_CASSYPGRPRRFF",3,"LIVER & SAT & VAT","Fibrosis"
"CAVLTPYGNTPLVF_CASSVSGGTSAGATDTQYF;CASIKQGSTDYNEQFF",3,"PBMC & VAT","Fibrosis"
"CAVMDSNYQLIW_CASSDRDNSPLHF",3,"SAT & VAT","Fibrosis"
"CAVMDSSYKLIF;CAVDTGRRALTF_CASSDSSGGYNEQFF",3,"PBMC & SAT & VAT","Fibrosis"
"CAVNFNSGNTPLVF_CATSRDSPQETQYF",3,"LIVER & VAT","Fibrosis"
"CAVNPGNQFYF_CASSLELSMGETQYF",3,"LIVER & PBMC","Fibrosis & No_fibrosis"
"CAVNRNTNAGKSTF_CASSVGNTIYF",3,"PBMC & VAT","Healthy"
"CAVNTDKLIF_NA",3,"PBMC & VAT","Fibrosis"
"CAVPNNNARLMF_CASSPGQAGGTQYF",3,"SAT & VAT","Fibrosis"
"CAVPPRDTDKLIF_CASRTSGSLFNEQFF",3,"LIVER & SAT & VAT","Fibrosis"
"CAVQAGDSWGKFQF_CASSEQGADTQYF",3,"PBMC & VAT","Fibrosis"
"CAVQDSNYQLIW_CASSHVLGDTGELFF",3,"LIVER & VAT","Fibrosis"
"CAVQGGGGSYIPTF_CSARASSFTEAFF",3,"LIVER & VAT","Fibrosis"
"CAVQNNAGGTSYGKLTF_NA",3,"PBMC & SAT","Fibrosis"
"CAVRDGDYKLSF_NA",3,"LIVER & PBMC","Fibrosis"
"CAVREYTDKLIF_CASSQRDTLNTEAFF",3,"LIVER & VAT","Fibrosis"
"CAVRGDYKLSF_CASSSYLAGPSTDTQYF",3,"LIVER & VAT","Fibrosis"
"CAVRGRDSSYKLIF_CSARTDISTDTQYF",3,"LIVER & VAT","Fibrosis"
"CAVRGSNDYKLSF_CASSIGTEQFF",3,"LIVER & PBMC & VAT","Fibrosis"
"CAVRPRGNQFYF_CASSLEGDLTEAFF",3,"LIVER & VAT","Fibrosis & No_fibrosis"
"CAVRSGSGGGADGLTF_CASSYYGGPYEQYF",3,"PBMC & VAT","Fibrosis"
"CAVRSNFGNEKLTF_CSASPVPGQGVETEAFF",3,"PBMC & VAT","Fibrosis"
"CAVRTGANNLFF_CASSVDSRNTEAFF",3,"SAT & VAT","Fibrosis"
"CAVSDSNYQLIW_NA",3,"LIVER & SAT","Fibrosis & No_fibrosis"
"CAVSGGDYKLSF_CASSDGGAAGELFF",3,"LIVER & VAT","Fibrosis"
"CAVSRGSQGNLIF_CASSLDRAQTGELFF",3,"SAT & VAT","Fibrosis"
"CAVSWNYGQNFVF;CALSGTNTGFQKLVF_CASSQSGLARHTQYF",3,"PBMC & SAT","Fibrosis"
"CAVTDSNYQLIW_NA",3,"LIVER & PBMC","Fibrosis & Healthy"
"CAVTSGTYKYIF_NA",3,"LIVER & SAT","Fibrosis"
"CAVVDSNYQLIW_CSASPPSVTYNEQFF",3,"LIVER & PBMC","Fibrosis"
"CAVVTGNQFYF;CAVMIGGTGGTSYGKLTF_CASSLTGFYEQYF",3,"PBMC & VAT","Fibrosis"
"CAYQKGEYGNKLVF_CASSEGAFNYGYTF",3,"LIVER & VAT","Fibrosis"
"CAYRSALEGGSQGNLIF_CASSPGTESYNEQFF",3,"LIVER & VAT","Fibrosis"
"CAYRSGSWNAGGTSYGKLTF_CAWISEPDPLYNSPLHF",3,"PBMC & VAT","Fibrosis"
"CAYRSPSYGGATNKLIF_CAIRASGGAGNEQFF",3,"LIVER & SAT","Fibrosis"
"CAYVYRLNNNDMRF_CASSSGQGTGPQHF",3,"LIVER & VAT","Fibrosis"
"CGTSIKAAGNKLTF_CSATGEYSNQPQHF",3,"SAT & VAT","Fibrosis"
"CIHGGGADGLTF_CASMLRGGREGAFF",3,"LIVER & PBMC & VAT","Fibrosis"
"CIHVRGAGSYQLTF_CASSLGLASYNEQFF",3,"LIVER & VAT","Fibrosis & No_fibrosis"
"CILGVRYSGAGSYQLTF_CASSSPLGTDSNQPQHF",3,"SAT & VAT","Fibrosis"
"CILLRGGADGLTF_CASSLGGNAYEQYF",3,"LIVER & PBMCC","Fibrosis"
"CILRASINTGTASKLTF_CASSLAAAGGYNEQFF",3,"LIVER & PBMC","Fibrosis"
"CILRGLNYGGSQGNLIF_CASSFSGTGYGYTF",3,"LIVER & PBMC","Fibrosis & No_fibrosis"
"CILRGNSGGSNYKLTF_CSVSRQLMNTEAFF",3,"LIVER & PBMC & VAT","No_fibrosis"
"CILSRGAQKLVF_CASSYPARGTSGNTIYF",3,"LIVER & PBMC","Fibrosis & No_fibrosis"
"CIVRATYYNQGGKLIF_CAISQGDLNTEAFF",3,"LIVER & PBMC","Fibrosis & No_fibrosis"
"CIVRGLGGSQGNLIF_CSATHRGLVSGNTIYF",3,"SAT & VAT","Fibrosis"
"CIVRVATHGSSNTGKLIF_CASSQDIRADTQYF",3,"LIVER & VAT","Fibrosis"
"CLVEGSQGNLIF_CASSAGRGAYNEQFF",3,"LIVER & VAT","Fibrosis"
"CLVGALGPESGNTPLVF_CSAGGGGRVEKLFF",3,"PBMC & VAT","Fibrosis"
"CLVGELPSGTYKYIF_CASSLAAGSYGYTF",3,"LIVER & SAT","Fibrosis"
"CLVGERNQGGKLIF_CASSQDPNQPQHF",3,"LIVER & VAT","Fibrosis"
"CLVGGGYSTLTF;CAVIMNRDDKIIF_CASMAGEQYF",3,"SAT & VAT","Fibrosis"
"CLVPMGPTGSARQLTF_CASTGDRSGTEAFF",3,"PBMCC & VAT","Fibrosis"
"CVADSNYQLIW_CASSQDPTGPFF",3,"LIVER & VAT","Fibrosis"
"CVLRPGGSYIPTF_CASSLGVGQVVAEAFF",3,"LIVER & VAT","Fibrosis"
"CVVGMNQAGTALIF_CASSISRDTGELFF",3,"PBMC & VAT","Healthy"
"CVVHSNYQLIW_CASSEAPGQGLATNEKLFF",3,"LIVER & PBMC","Fibrosis"
"CVVLLGGGADGLTF_CASMRGGGNTGELFF",3,"LIVER & VAT","Fibrosis"
"CVVNDRPGNQGGKLIF_CASTSFGRASSYEQYF",3,"SAT & VAT","Fibrosis"
"CVVNGEGTDKLIF_CSARDRASASETQYF",3,"LIVER & VAT","Fibrosis"
"CVVNGRGSSASKIIF_NA",3,"LIVER & VAT","Fibrosis"
"CVVSAAGGTSYGKLTF_CASSPTTGVYNEQFF",3,"SAT & VAT","Fibrosis"
"CVVSDRDDKIIF_CASSLSGTSEEQFF",3,"LIVER & PBMC","Fibrosis"
"CVVSEAAGNKLTF_CASSQEGGGYREQYF",3,"LIVER & VAT","Fibrosis"
"CVVTGSFGNEKLTF_CASSVYPDATTNEKLFF",3,"LIVER & VAT","Fibrosis"
"NA_CAISETGTVNTEAFF",3,"LIVER & PBMC","Fibrosis"
"NA_CASEGGAILYEQYF",3,"LIVER & SAT","Healthy"
"NA_CASKSRGGSPLHF",3,"PBMC & VAT","Fibrosis"
"NA_CASRDAGEQYF",3,"LIVER & PBMC","Fibrosis & No_fibrosis"
"NA_CASRSGTGGISYNSPLHF",3,"PBMC & VAT","Fibrosis"
"NA_CASRVGFYEQYF",3,"PBMC & VAT","Fibrosis"
"NA_CASSARENQPQHF",3,"LIVER & VAT","Fibrosis"
"NA_CASSDPMTGGEQFF",3,"SAT & VAT","Fibrosis"
"NA_CASSEAIASYNEQFF",3,"LIVER & PBMC","Fibrosis & No_fibrosis"
"NA_CASSEAPGQGLATNEKLFF",3,"LIVER & PBMC","Fibrosis"
"NA_CASSEARGPLKGELFF",3,"LIVER & VAT","Fibrosis"
"NA_CASSESTGIYEQYF",3,"LIVER & PBMC & VAT","Fibrosis"
"NA_CASSESTGVQPQHF",3,"LIVER & PBMC","Fibrosis"
"NA_CASSESTGVREQYF",3,"PBMC & VAT","Fibrosis"
"NA_CASSFPDTQYF",3,"LIVER & PBMC","Fibrosis"
"NA_CASSFRTGRQETQYF",3,"PBMCC & SAT","Fibrosis"
"NA_CASSFTQREVDTQYF",3,"LIVER & SAT","Fibrosis"
"NA_CASSHGLAEETQYF",3,"LIVER & PBMC & SAT","Fibrosis"
"NA_CASSHGWNTGELFF",3,"LIVER & VAT","Fibrosis"
"NA_CASSIPGLAANTGELFF",3,"LIVER & VAT","Fibrosis"
"NA_CASSISSVGVNIQYF",3,"LIVER & PBMC & VAT","Fibrosis"
"NA_CASSIVPGQEVATEAFF",3,"LIVER & PBMC & VAT","Fibrosis"
"NA_CASSLAAGSYGYTF",3,"PBMC & SAT & VAT","Fibrosis"
"NA_CASSLASDRAQETQYF",3,"LIVER & VAT","Fibrosis"
"NA_CASSLFRTELNYEQYF",3,"LIVER & PBMC","Fibrosis"
"NA_CASSLGGLLYNEQFF",3,"LIVER & VAT","Fibrosis"
"NA_CASSLINFMQDPEAFF",3,"LIVER & PBMC & VAT","Fibrosis"
"NA_CASSLNGGGVDTQYF",3,"LIVER & PBMC","Fibrosis & No_fibrosis"
"NA_CASSLPWGGPSEKLFF",3,"PBMC & VAT","No_fibrosis"
"NA_CASSLRTVLTGELFF",3,"PBMC & VAT","Fibrosis"
"NA_CASSLSLAQETQYF",3,"LIVER & PBMC","Fibrosis"
"NA_CASSLTGPQSSYNEQFF",3,"LIVER & SAT","Fibrosis"
"NA_CASSLWGGGRGETQYF",3,"LIVER & PBMC & VAT","Fibrosis"
"NA_CASSPGRTTYEQYF",3,"LIVER & PBMC & VAT","Fibrosis"
"NA_CASSPKRPEAFF",3,"LIVER & PBMC","Fibrosis"
"NA_CASSPLVNYGYTF",3,"PBMC & VAT","No_fibrosis"
"NA_CASSPPGGRNQPQHF",3,"LIVER & SAT","Fibrosis"
"NA_CASSPPGTGLYNEQFF",3,"LIVER & PBMC","Fibrosis"
"NA_CASSPRDRQFF",3,"LIVER & PBMC","Fibrosis"
"NA_CASSPRERSPGELFF",3,"LIVER & VAT","Fibrosis"
"NA_CASSPTGEDQPQHF",3,"LIVER & PBMC & VAT","Fibrosis"
"NA_CASSPTGNYGYTF",3,"PBMC & VAT","Fibrosis"
"NA_CASSQAPGGEQFF",3,"LIVER & SAT & VAT","Fibrosis"
"NA_CASSQDFYQRNTEAFF",3,"LIVER & VAT","Fibrosis"
"NA_CASSQDTSGSYEQYF",3,"PBMC & VAT","Fibrosis"
"NA_CASSQGWGSDEKLFF",3,"LIVER & VAT","Fibrosis"
"NA_CASSQVLGQEISGANVLTF",3,"LIVER & PBMC","Fibrosis & No_fibrosis"
"NA_CASSQVRGQSSYEQYF",3,"PBMC & VAT","Fibrosis"
"NA_CASSRLAGGQDTQYF",3,"SAT & VAT","Fibrosis"
"NA_CASSRLAGGTDTQYF",3,"PBMC & SAT & VAT","Fibrosis"
"NA_CASSRTDYNEQFF",3,"LIVER & SAT & VAT","Fibrosis"
"NA_CASSRVGTGDADTQYF",3,"LIVER & SAT","Fibrosis"
"NA_CASSSGSAIQPQHF",3,"LIVER & SAT","Fibrosis"
"NA_CASSSPGQPEAFF",3,"LIVER & SAT","Fibrosis"
"NA_CASSSRWDTEAFF",3,"LIVER & VAT","Fibrosis"
"NA_CASSSTGTSSGELFF",3,"LIVER & VAT","No_fibrosis"
"NA_CASSTGDSNQPQHF",3,"LIVER & PBMC","Fibrosis & No_fibrosis"
"NA_CASSVGQTYEQYF",3,"LIVER & VAT","Fibrosis"
"NA_CASSYQTGVGAYGYTF",3,"PBMC & VAT","Fibrosis"
"NA_CASSYSTVGEGLDEQFF",3,"PBMC & SAT","Fibrosis"
"NA_CASSYWAGRGDTQYF",3,"PBMC & VAT","Fibrosis"
"NA_CASSYYRGGRTGELFF",3,"SAT & VAT","Fibrosis"
"NA_CASTLGPSGSDEQFF",3,"LIVER & SAT","Fibrosis"
"NA_CATSGQSNEQFF",3,"LIVER & PBMC","Fibrosis"
"NA_CSALGSSGRTNEQYF",3,"SAT & VAT","Fibrosis"
"NA_CSARDIDSENTEAFF",3,"LIVER & PBMC","Fibrosis & No_fibrosis"
"NA_CSARDPRLAGRGYNEQFF",3,"LIVER & VAT","Fibrosis"
"NA_CSASYPGQGSDGYTF",3,"LIVER & SAT","Fibrosis"
"NA_CSVRVLGNEQFF",3,"LIVER & VAT","Fibrosis & No_fibrosis"
"CAADNFNKFYF_CASSRTMGYYEQYF",2,"LIVER & VAT","No_fibrosis"
"CAAGGANNLFF_CASSQDRGVRTEAFF",2,"PBMC & SAT","Fibrosis"
"CAAGNMLTF_CASSFTGRGEQFF",2,"PBMCC & SAT","Fibrosis"
"CAAIDSGGYNKLIF_CASTLAGGLREQYF",2,"LIVER & VAT","No_fibrosis"
"CAAKKAGNNRKLIW;CALGKGDSWGKFQF_CATSLSDWGVSTDEQYF;CASSSPSGRDTDTQYF",2,"LIVER & SAT","Fibrosis"
"CAALDSNYQLIW_CSARQTNPKGSAYEQYF",2,"PBMC & VAT","Healthy"
"CAALDSNYQLIW_NA",2,"LIVER & VAT","Fibrosis & Healthy"
"CAALETSYDKVIF_CASSAPGLAANTGELFF",2,"LIVER & PBMC","Fibrosis"
"CAALGGSQGNLIF_CASSGTGTSALSGANVLTF",2,"LIVER & VAT","Fibrosis"
"CAALLQGGSEKLVF_CASSLQRGEDTGELFF",2,"PBMC & VAT","Fibrosis"
"CAALPYNTDKLIF_CSATGGYEQYF",2,"LIVER & PBMC","Fibrosis"
"CAALTGANSKLTF_CASNLNLGAQGYTF",2,"PBMC & VAT","Fibrosis"
"CAAMDSNYQLIW_CSARQGDTEAFF",2,"LIVER & VAT","Fibrosis"
"CAAPDASKIIF_CASSPPEAGYTSSTDTQYF",2,"LIVER & PBMC","Fibrosis"
"CAAPPGSQGNLIF_CASSYSFRGGNTEAFF",2,"LIVER & VAT","No_fibrosis"
"CAAPYSSASKIIF_CASSIGTSGGNEQFF",2,"LIVER & VAT","Fibrosis"
"CAARGASGSRLTF_CSARTGGYGYTF",2,"PBMC & VAT","Fibrosis"
"CAARGGSQGNLIF_CASSPGQFYNEQFF",2,"PBMC & VAT","Fibrosis"
"CAARGSQGNLIF_CASSFSTYSNQPQHF",2,"PBMC & SAT","Fibrosis"
"CAASAAAGNQFYF_CASSGTANYNSPLHF",2,"LIVER & VAT","Fibrosis"
"CAASACGNNRLAF_CASSLGPGQGNYGYTF",2,"LIVER & VAT","Fibrosis"
"CAASAIRGNEKLTF_CASSRHNTQYF",2,"LIVER & PBMC","Fibrosis"
"CAASALAQGGSEKLVF_CASSRTSGGNQETQYF",2,"LIVER & SAT","Fibrosis"
"CAASANSGAGSYQLTF_CAIRRPTSGAYNEQFF",2,"LIVER & VAT","No_fibrosis"
"CAASARRVWEKLVF_CSAQAQETQYF",2,"SAT & VAT","No_fibrosis"
"CAASATWTGKLIF_CASRGLAGEQYF",2,"LIVER & SAT","Fibrosis"
"CAASDSNYQLIW_CSAQVVGQGDSGELFF",2,"LIVER & VAT","Fibrosis"
"CAASGVTQGGSEKLVF_CASSLAGNYGYTF",2,"LIVER & PBMC","Fibrosis"
"CAASGVTQGGSEKLVF_CASSPASGPYEQYV",2,"PBMC & VAT","Fibrosis"
"CAASHSGGGADGLTF_CASSQLPGHHEQYF",2,"LIVER & VAT","Fibrosis"
"CAASHSSGGYNKLIF;CAGFSGGYQKVTF_CASSLGGSEAFF",2,"PBMC & VAT","Fibrosis"
"CAASINAGNNRKLIW_CASTITRGGTYHEQFF",2,"LIVER & VAT","Fibrosis"
"CAASISNNNDMRF;CAVDFTGGGNKLTF_CASSLTAWEQFF",2,"SAT & VAT","Fibrosis"
"CAASKGETSYDKVIF_CASSPASYEQYF",2,"LIVER & PBMC","Fibrosis"
"CAASKGGSYIPTF_CSARGGGQAFSYEQYF",2,"PBMC & VAT","Fibrosis"
"CAASKGSGTYKYIF_CAWKLAGANTGELFF",2,"LIVER & SAT","Fibrosis"
"CAASKRAAGNKLTF_CAISNGPGDGYTF",2,"LIVER & PBMC","Fibrosis"
"CAASLQTGANNLFF_CSSRADSYNEQFF",2,"SAT & VAT","Fibrosis"
"CAASMSGVQGGSEKLVF_CSAQTGAGYGYTF",2,"LIVER & VAT","No_fibrosis"
"CAASNNNAGNMLTF_CASSGPWGTELFF",2,"LIVER & VAT","Fibrosis"
"CAASPQNSGGSNYKLTF_CASRGEVSQIF",2,"LIVER & VAT","Fibrosis"
"CAASQPNAGKSTF_CASSTGTELAKNIQYF",2,"LIVER & SAT","Fibrosis"
"CAASRGGNAGKSTF_NA",2,"LIVER & VAT","Fibrosis"
"CAASRKWGGGSNYKLTF_CASSVGGGQGVMDEQFF",2,"PBMC & VAT","Fibrosis"
"CAASRNTGGFKTIF;CAVSGTGTASKLTF_CASSLSGGATYEQYF",2,"LIVER & VAT","Fibrosis"
"CAASSFQAGTALIF_CASSRTGDDSPLHF",2,"LIVER & VAT","Fibrosis"
"CAASSGTYKYIF_CASSDWGNQPQHF",2,"LIVER & VAT","Fibrosis"
"CAASSGYALNF_CASSFSGTGNTGELFF",2,"LIVER & SAT","Fibrosis"
"CAASSNFGNEKLTF_CSARIIGTSGEQFF",2,"LIVER & PBMC","Fibrosis"
"CAASTGDSGYALNF_CASSLERGNYEQYF",2,"SAT & VAT","No_fibrosis"
"CAASTGDSSYKLIF;CAVSTPEYGNKLVF_CASSQNTYEQYF;CASGLARELFF",2,"PBMC & VAT","Fibrosis"
"CAASTGGYNKLIF_CASSLGLAGSNTGELFF",2,"PBMC & VAT","Fibrosis"
"CAASTSGGSNYKLTF_CASSTAWGGATEAFF",2,"LIVER & PBMC","Fibrosis"
"CAASVTIPEIGTALIF;CAAPISDGQKLLF_CASSQGWLTETNEKLFF",2,"PBMC & SAT","Fibrosis"
"CAASYGQNFVF_CASSYELGPDEKLFF",2,"LIVER & PBMC","Fibrosis"
"CAATNAGKSTF_CASSLVFSGGAYEQYF",2,"SAT & VAT","Fibrosis"
"CAAVDSNYQLIW_CASSPNPGSGADTQYF",2,"LIVER & SAT","Fibrosis"
"CAAVSGAGSYQLTF_CASSASRTGNYGYTF",2,"PBMC & VAT","Fibrosis"
"CAAYILTGGGNKLTF_CASSQAYRGPSAGYTF",2,"LIVER & VAT","Fibrosis"
"CACMDSNYQLIW_CSARDYGTENNEQFF",2,"LIVER & VAT","Fibrosis"
"CADHSSASKIIF_CASSPGTGNSGANVLTF",2,"LIVER & VAT","Fibrosis"
"CADLYGQNFVF_CASRPSTGELFF",2,"LIVER & SAT","Fibrosis"
"CADPDGQKLLF_CASSQVQGFGTEAFF",2,"LIVER & SAT","Fibrosis"
"CAEDNNNDMRF_CSARVIGGANEKLFF",2,"LIVER & PBMC","Fibrosis"
"CAEFSTDSWGKFQF_CASSQDQLSYEQYF",2,"PBMC & SAT","Fibrosis"
"CAEIETGANNLFF_CASSHGLAGVSSTDTQYF",2,"LIVER & VAT","Fibrosis"
"CAEILCDNFNKFYF;CAPPSGSARQLTF_CASSVAGRPADEQFF",2,"LIVER & PBMCC","Fibrosis"
"CAEILYSGTYKYIF_CSARDPESDQPQHF",2,"LIVER & PBMCC","Fibrosis"
"CAEKGAGNMLTF;CALSNFNKFYF_CASSEEATPSYGYTF",2,"SAT & VAT","Fibrosis"
"CAEKGGSQGNLIF_CASRDHSGNTIYF",2,"LIVER & VAT","Fibrosis"
"CAENEGGGYNKLIF_CSASEWGQGPNNEQFF",2,"LIVER & PBMC","No_fibrosis"
"CAENLLAAGNKLTF_CSVSQGGTEAFF",2,"PBMC & SAT","Fibrosis"
"CAERGTNAGKSTF_CASRGTGELFF",2,"PBMC & VAT","Healthy"
"CAERRGYNFNKFYF_CASSLEGQSPGNTIYF",2,"LIVER & VAT","Fibrosis"
"CAESQAGDGQKLLF_CASSITGAEQYF",2,"LIVER & VAT","Fibrosis"
"CAETGEGGKLIF_CSVGGSFYGYTF",2,"LIVER & VAT","Fibrosis"
"CAETLNYGGATNKLIF_CASSYPTGELFF",2,"SAT & VAT","Fibrosis"
"CAETPQATPLVF_CASSQSPGGTQYF",2,"LIVER & VAT","Fibrosis"
"CAEWDNNARLMF_CASSYTGGYNEQFF",2,"LIVER & PBMC","Fibrosis"
"CAFDDQTGANNLFF_CASSPSDLAYEQYF",2,"LIVER & VAT","Fibrosis"
"CAFDPNTGNQFYF;CALNVSGGYNKLIF_CASSKGGFREFPYEQYF",2,"PBMC & VAT","Fibrosis"
"CAFKPNSGYALNF_CASSLDLGLAGASTDTQYF",2,"PBMC & SAT","Fibrosis"
"CAFMGDSGGGADGLTF_CASSYSSWTNTEAFF",2,"LIVER & VAT","No_fibrosis"
"CAFMKLINAGNNRKLIW_CASSPEGDQPQHF;CASSPGEPYNEQFF",2,"PBMC & VAT","Fibrosis"
"CAFMKLNFGNEKLTF_CASSQDGVWGFTEAFF",2,"PBMC & VAT","Fibrosis"
"CAFMLLTGTASKLTF_CSARDPTGVNQPQHF",2,"LIVER & PBMC","Fibrosis"
"CAFMNRDDKIIF_CASSPPSPGLAGDPDTQYF",2,"LIVER & SAT","Fibrosis"
"CAFMSYGNQFYF_CATSRGGTETSYEQYF",2,"PBMC & VAT","Fibrosis"
"CAFNVGAGGTSYGKLTF_CASSPLAGRGQPQHF",2,"LIVER & PBMC","Fibrosis"
"CAGAWRSSASKIIF_CASSWDRVGLETQYF",2,"LIVER & VAT","Fibrosis"
"CAGDLSELYGGSQGNLIF_CASSPHGASGLYEQFF",2,"LIVER & PBMC","Fibrosis"
"CAGEGAGGTSYGKLTF_CASSSIPGQSNQPQHF",2,"PBMC & VAT","Fibrosis"
"CAGERNTGGFKTIF_CASSLGSAVYNEQFF",2,"LIVER & VAT","Fibrosis"
"CAGFNTGRRALTF_CASSLGSGTEAFF",2,"LIVER & VAT","Fibrosis"
"CAGFRLMDSSYKLIF_CASSPEDRREQYF",2,"SAT & VAT","Fibrosis"
"CAGGSGNTDKLIF_CASSEAGTGFQPQHF",2,"PBMC & VAT","Fibrosis"
"CAGGVGFGNVLHC;CAASF_CAWRLERQGYGYTF",2,"PBMC & VAT","Fibrosis"
"CAGGWNKLIF;CVVSAKGGGNKLTF_CASSLAAGVTVYEQYF",2,"LIVER & PBMC","Fibrosis"
"CAGLDSNYQLIW_NA",2,"LIVER & PBMC","Fibrosis"
"CAGLSGGYNKLIF_CASSYGRRNTEAFF",2,"LIVER & PBMC","Fibrosis"
"CAGMNRDDKIIF_CASSYSPGTANTEAFF",2,"LIVER & PBMC","Fibrosis"
"CAGPRGGSQGNLIF_CASRYDRGGSDTQYF",2,"LIVER & PBMC","Fibrosis"
"CAGQLLGKLIF_CASSYFGGEQYF",2,"LIVER & VAT","No_fibrosis"
"CAGQLRGTSYGKLTF_CAISRSDSPDEQYF",2,"PBMC & VAT","Fibrosis"
"CAGQRGSQGNLIF_NA",2,"LIVER & VAT","Fibrosis"
"CAGQYGNKLVF_CASSLARVKAQETQYF",2,"LIVER & VAT","Fibrosis"
"CAGRDSSGYALNF_CSVSTSGYSSYNEQFF",2,"PBMC & VAT","Fibrosis"
"CAGRRIDNYGQNFVF_CASSPGTNYGYTF",2,"LIVER & VAT","Fibrosis"
"CAGTDSNYQLIW_NA",2,"SAT & VAT","Fibrosis"
"CAGTNYQLIW_NA",2,"LIVER & PBMC","Fibrosis"
"CAGTTSGTYKYIF_CASSTGLAGRKDQETQYF",2,"PBMC & VAT","Fibrosis"
"CAGVWANDYKLSF_CASSLFQGAYEQYF",2,"LIVER & PBMC","Fibrosis"
"CAIMDSNYQLIW_CASSQVLAGGPSDTQYF",2,"LIVER & SAT","Fibrosis"
"CAIYPQGGAQKLVF_CASNPGTDYGYTF",2,"PBMC & SAT","Fibrosis"
"CALDFTGGGNKLTF_CSAPPGQATNEKLFF",2,"LIVER & SAT","Fibrosis"
"CALDGSNDYKLSF_CASSLQGIGREGYTF",2,"LIVER & VAT","Fibrosis"
"CALDRYNAGNNRKLIW;CAVTERNTPLVF_CASSVDPGQGAYEQYF",2,"SAT & VAT","Fibrosis"
"CALEGNNRLAF_CASTLSGGVEASF",2,"LIVER & PBMC","Fibrosis"
"CALENPGANNLFF_NA",2,"PBMC & VAT","Fibrosis"
"CALGAGSYQLTF_CATGDLYNSPLHF",2,"PBMC & VAT","Fibrosis"
"CALGGSYIPTF_CAWSTNYVYNEQFF",2,"LIVER & PBMC","No_fibrosis"
"CALGPNDYKLSF_CASSLQGAGNTIYF",2,"LIVER & VAT","Fibrosis"
"CALHSGGGADGLTF_CAISGASTSSYEQYF",2,"LIVER & SAT","Fibrosis"
"CALILNNARLMF_CASSESAEGYGYTF",2,"LIVER & SAT","Fibrosis"
"CALITPFSGGYNKLIF_CASSHSQGVGEQFF",2,"SAT & VAT","Fibrosis"
"CALKGNNDMRF_CSVAGPSGGNAREQYF",2,"LIVER & VAT","Fibrosis"
"CALLSYGGSQGNLIF_CASSPPGTGAHEQYF",2,"SAT & VAT","Fibrosis"
"CALMDSNYQLIW_CAWSRGGDDTGELFF",2,"LIVER & VAT","Fibrosis"
"CALPNQAGTALIF_CATSRQGYNEQFF",2,"LIVER & PBMC","Fibrosis"
"CALRENNNDMRF_CASSQGAGVGTEAFF",2,"SAT & VAT","Fibrosis"
"CALRHGGRRALTF_CASSPTGMGGYTF",2,"LIVER & PBMC","Fibrosis"
"CALRPSMYSGGGADGLTF_CASSYSRVYNEQFF",2,"PBMC & VAT","Healthy"
"CALRSHAGGTSYGKLTF_CAISRGTGGTDSPLHF",2,"LIVER & PBMC","Fibrosis"
"CALSDHGTYKYIF_CASSLAESNYGYTF",2,"SAT & VAT","Fibrosis"
"CALSDLEFTNAGKSTF;CAVMDSNYQLIW_CASRPGHPESEKLFF",2,"LIVER & PBMCC","Fibrosis"
"CALSDRISGTYKYIF_CASSQETDETAYNSPLHF",2,"PBMC & SAT","Fibrosis"
"CALSDRISYAGGTSYGKLTF_CASNSGTHRSGANVLTF",2,"LIVER & VAT","Fibrosis"
"CALSDSVQGAQKLVF_CASSSQRGSQETQYF",2,"LIVER & PBMC","Fibrosis"
"CALSEAGSNYQLIW_NA",2,"PBMC & VAT","Fibrosis"
"CALSEAPGYSTLTF_CASRGRDTLPEQYF",2,"PBMC & SAT","Fibrosis"
"CALSEAQTGGGSQGNLIF_CASSQESGGAVETQYF",2,"PBMC & VAT","Fibrosis"
"CALSEASIYNQGGKLIF_CASSGGGGNSYNEQFF",2,"LIVER & PBMC","Fibrosis"
"CALSEAVGSGGSNYKLTF_CASSLAPTDTQYF",2,"LIVER & VAT","No_fibrosis"
"CALSENNRGSTLGRLYF_CASSTHQGTVRSNIQYF",2,"SAT & VAT","No_fibrosis"
"CALSEVNNARLMF_CASSPMRGGTDTQYF",2,"PBMC & SAT","Fibrosis"
"CALSGAGGTSYGKLTF_CASSEQGLDTEAFF",2,"LIVER & SAT","Fibrosis"
"CALSGGGADGLTF_CASSLEGWWNEQFF",2,"LIVER & VAT","Fibrosis"
"CALSGKETSGSRLTF_CASSSGRGYEQYF",2,"LIVER & SAT","Fibrosis"
"CALSGNYGGSQGNLIF_CASSSPPDLVYGYTF",2,"LIVER & VAT","Fibrosis"
"CALSGYSGGGADGLTF_CASSLNGQGYQPQHF",2,"LIVER & VAT","No_fibrosis"
"CALSPLGGYNKLIF_CASVTPGPGGTEAFF",2,"LIVER & VAT","Fibrosis"
"CALSPRGNFNKFYF_CASSQTRTDGYTF",2,"LIVER & VAT","No_fibrosis"
"CALSSGSNFGNEKLTF_CASSFGYNEQFF",2,"SAT & VAT","Fibrosis"
"CALSSNRDDKIIF_CAISESKWTGRESPLHF",2,"LIVER & VAT","No_fibrosis"
"CALSSQGAQKLVF;CALSEAREQGAQKLVF_CASIDPNTEAFF",2,"LIVER & VAT","Fibrosis"
"CALSYSGNTPLVF_CASSSQGLMNTEAFF",2,"SAT & VAT","No_fibrosis"
"CALTDTGNQFYF_CASSQDWAGAFGYTF",2,"LIVER & SAT","Fibrosis"
"CALTGGSGNTGKLIF_CASSKTGGGYSGANVLTF",2,"LIVER & PBMC","No_fibrosis"
"CALTPTGTASKLTF_CASSFTSGLTGELFF",2,"PBMC & VAT","No_fibrosis"
"CALTSSNTGKLIF_CASSKGGTGGTNTEAFF",2,"PBMC & SAT","Fibrosis"
"CALYSSASKIIF_CASSSTGGDNSPLHF",2,"LIVER & PBMC","Fibrosis"
"CAMKETSGSRLTF_CSARRGSETQYF",2,"PBMC & VAT","Fibrosis"
"CAMLTLPALQGVIYNQGGKLIF;CAASWAQGAQKLVF_CASSEQGANYGYTF",2,"LIVER & VAT","Fibrosis"
"CAMRAANYGGSQGNLIF_CASSPPWLTNTEAFF",2,"LIVER & SAT","Fibrosis"
"CAMREDRYNQGGKLIF_CASSLYRGGPPHEKLFF",2,"LIVER & VAT","Fibrosis"
"CAMREGGGRLAF_CASSFSGNSRSYEQYF",2,"PBMC & VAT","Fibrosis"
"CAMREGISGGYNKLIF_CSARSGVSGANVLTF",2,"LIVER & SAT","Fibrosis"
"CAMREGSGITGGGNKLTF_CASKDPDNPTDTQYF",2,"SAT & VAT","Fibrosis"
"CAMREGYATNKLIF_CASSLVSSGGQETQYF",2,"LIVER & PBMC","Fibrosis"
"CAMREGYGQNFVF_CASSLKASGRLSYNEQFF",2,"PBMC & SAT","Fibrosis"
"CAMREGYGSSNTGKLIF_CSAYTMAGEGTDTQYF",2,"LIVER & PBMC","Fibrosis"
"CAMREPLGNNDMRF_CASSLVNEQFF",2,"PBMC & VAT","Fibrosis"
"CAMRERSYNQGGKLIF_CASSLDKYEQYF",2,"LIVER & PBMC","No_fibrosis"
"CAMREVGDGLTF_CASNAGTGRYEQYF",2,"LIVER & VAT","Fibrosis"
"CAMRGPNTGTASKLTF_CSAQSTSGSTDTQYF",2,"SAT & VAT","Fibrosis"
"CAMRNPGNQFYF_CASGLGNSNEQFF",2,"PBMC & VAT","Fibrosis"
"CAMSAPSGTYKYIF_CASSEEESKNIQYF",2,"PBMC & SAT","Fibrosis"
"CAMSATGGANSKLTF_CASSAGQGMGEQYF",2,"LIVER & VAT","Fibrosis"
"CAMSAYGNTGKLIF_CAISEVGGANQPQHF",2,"LIVER & PBMC","Fibrosis"
"CAMSDTGGGADGLTF_CSARDRVSYNEQFF",2,"SAT & VAT","Fibrosis"
"CAMSEYNFNKFYF;CAVTLRFNTNAGKSTF_CSAREGMGEQYF",2,"PBMC & SAT","Fibrosis"
"CAMSGAYNFNKFYF_CASSPTSGGSTGELFF",2,"LIVER & VAT","Fibrosis"
"CAMSHDNKLVF_CASSWDGAKGYEQYF",2,"LIVER & VAT","Fibrosis"
"CAMSNAGGTSYGKLTF;CATDPGSGGSNYKLTF_CASSGGLAGDFETYVVFTDTQYF",2,"PBMC & VAT","Fibrosis"
"CAMTMGDMRF_CASSFQGYEQFF",2,"PBMC & SAT","Fibrosis"
"CAPARLMF_NA",2,"LIVER & PBMC","Fibrosis"
"CAPGGNQGGKLIF_CSGGAPTNQETQYF",2,"PBMC & VAT","Fibrosis"
"CAPLDSNYQLIW_CASARDGSSGANVLTF",2,"LIVER & SAT","Fibrosis"
"CAPLGAAGNKLTF_CASRSGGSYNEQFF",2,"LIVER & VAT","Healthy"
"CAPLRSYDKVIF_CASSSGGSQTYEQYF",2,"LIVER & VAT","Fibrosis"
"CAPMDTGRRALTF_CASSEGLAGGLNTGELFF",2,"LIVER & VAT","Fibrosis"
"CAPRMDSSYKLIF_CASSIGGTGDQPQHF",2,"LIVER & VAT","Fibrosis"
"CAPTFDKLIF_CASSLNGRVAGYTF",2,"PBMC & VAT","Fibrosis"
"CAPTRQAGTALIF_CASSLSWGRDGYTF",2,"LIVER & SAT","Fibrosis"
"CARSVPMIKAAGNKLTF_CASRKGGVTEAFF",2,"SAT & VAT","Fibrosis"
"CARTYHTGTASKLTF_CASSLSTSYEQYF",2,"LIVER & VAT","Fibrosis"
"CASLTSGTYKYIF_CAINSGGATYEQYF",2,"PBMC & SAT","Fibrosis"
"CASMDSNYQLIW_CASSSGAQETQYF",2,"LIVER & PBMC","Fibrosis"
"CASPAGNTGKLIF_CASSLRAEKLFF",2,"LIVER & PBMC","No_fibrosis"
"CATAARGGATNKLIF_CASSSEREIGADTQYF",2,"LIVER & SAT","Fibrosis"
"CATAEANAGKSTF_CASSLGQGKETQYF",2,"LIVER & SAT","Fibrosis"
"CATASFGNVLHC_CASSVTGQGSEQYF",2,"LIVER & SAT","Fibrosis"
"CATAWGRALTF_CASSLSDPTGTGYTF",2,"LIVER & VAT","Fibrosis"
"CATDAGGQKLLF_CASRGGFEETQYF",2,"SAT & VAT","Fibrosis"
"CATDAGGYNKLIF_CAWSVQLGTGVNYGYTF",2,"LIVER & SAT","Fibrosis"
"CATDAYSSYKLIF_NA",2,"LIVER & VAT","Fibrosis"
"CATDGNNARLMF_CASTLNAGNTIYF",2,"PBMC & VAT","Fibrosis"
"CATDGWNTGFQKLVF_CASSEWVGQETQYF",2,"PBMC & VAT","Fibrosis"
"CATDNTGNQFYF_CSARDHRGGRPDTQYF",2,"LIVER & VAT","Fibrosis"
"CATDPNRDDKIIF_CASSLASPLQFTAQHF",2,"LIVER & PBMC","No_fibrosis"
"CATGQAGTALIF_CASSLDGGGPDTQYF",2,"SAT & VAT","Fibrosis"
"CATLKSGGSYIPTF;CAASITTGANNLFF_CASSDGAPNEKLFF",2,"SAT & VAT","Fibrosis"
"CATLPFPQGGSEKLVF;CAVPLNTDKLIF_CATSRDRDGNQPQHF",2,"PBMC & VAT","Fibrosis"
"CATSDGQKLLF_CASSLESGSWGYNEQFF",2,"LIVER & PBMC","Fibrosis"
"CATVAGGGNKLTF_CASSRLAGSNEQFF",2,"PBMC & SAT","Fibrosis"
"CATVGDGGTSYGKLTF_CRTKRGAEAFF",2,"SAT & VAT","Fibrosis"
"CATVNYNTGTASKLTF_CATSRGQHTGELFF",2,"PBMC & VAT","Healthy"
"CAVAIYNQGGKLIF_CASSSKIPTGANVLTF",2,"LIVER & VAT","Fibrosis"
"CAVDGNNRLAF_CASSSRDTSTDTQYF",2,"PBMC & VAT","Fibrosis"
"CAVDITGTALIF_CASSLAGVAYEQYF",2,"SAT & VAT","Fibrosis"
"CAVDNAGNMLTF_CATRDPVNYGYTF",2,"PBMC & VAT","Fibrosis"
"CAVDSSGSARQLTF;CAVQSGNQFYF_CSARGDRGSGYEQYF",2,"PBMC & SAT","Fibrosis"
"CAVDTNAGKSTF_CASSQDRRGVDEQYF",2,"LIVER & PBMC","Fibrosis"
"CAVDWPNDYKLSF;CVVNSRVGGSYIPTF_CASTPGHEQYF",2,"PBMC & SAT","Healthy"
"CAVEDPRTGGSYIPTF_CASSEAVAGTQPQHF",2,"PBMC & VAT","Fibrosis"
"CAVEDPYGGSQGNLIF_CASSSGLAKNIQYF",2,"LIVER & VAT","Fibrosis"
"CAVEESAGGTSYGKLTF_CASSSHRGATYEQYF",2,"LIVER & SAT","Fibrosis"
"CAVEFYPGRGGSEKLVF_CSARDVLGTSNEKLFF",2,"PBMC & SAT","Fibrosis"
"CAVEKASNYQLIW_CASSIGRTNTGELFF",2,"LIVER & VAT","Fibrosis"
"CAVELTGGGNKLTF_CASSEYEQFF",2,"PBMC & VAT","Fibrosis"
"CAVERGAGGTSYGKLTF_CSVEEGDRGYEQYF",2,"PBMC & VAT","Fibrosis"
"CAVERGNNRLAF_CASSLIGYEQYF",2,"LIVER & SAT","No_fibrosis"
"CAVFDSNYQLIW_CATAPTRDTGELFF;CASSRVLDRGFYEQYV",2,"LIVER & VAT","Fibrosis"
"CAVFNDMRF_CAIKGFYFETQYF;CASSYMGGGWEKLFF",2,"LIVER & VAT","Fibrosis"
"CAVGAGGGSQGNLIF_CATQPGSGANVLTF",2,"SAT & VAT","Fibrosis"
"CAVGALSNTGKLIF_CASSLDGGASTGELFF",2,"LIVER & SAT","Fibrosis"
"CAVGAQRGGGNKLTF_CASSLPSTDTQYF",2,"SAT & VAT","Fibrosis"
"CAVGAYFSGGGADGLTF_CASSYLPRDQQDKNTEAFF",2,"LIVER & VAT","Fibrosis"
"CAVGFGNVLHC_CASSGRLINEQFF",2,"LIVER & VAT","Fibrosis"
"CAVGGDSWGKLQF_CASSVGATNYEQYF",2,"PBMC & VAT","Fibrosis"
"CAVGGNNRLAF;CAVSRNNNARLMF_CATSGFRDGPYEQYF",2,"LIVER & VAT","Fibrosis"
"CAVGHGRALTF_CASSSPGANYGYTF",2,"SAT & VAT","Fibrosis"
"CAVGHSSASKIIF_CASSPGQSPTQPQHF",2,"PBMC & VAT","Fibrosis"
"CAVGNQFYF_CASSPLELAGAKNIQYF",2,"PBMC & SAT","Fibrosis"
"CAVGPNSGNTPLVF_CASSISGNQPQHF",2,"LIVER & PBMC","Fibrosis"
"CAVGRFYNQGGKLIF_CASSFWRRGRETQYF",2,"LIVER & VAT","Fibrosis"
"CAVGTGNQFYF_CASSEILSAGSHGYTF",2,"PBMC & VAT","Fibrosis"
"CAVGVMEYGNKLVF_CASSFGPPGTEAFF",2,"LIVER & VAT","Fibrosis"
"CAVIASGTYKYIF_CASSLKDNSPLHF",2,"LIVER & SAT","Fibrosis"
"CAVISRGDDKIIF_CASRGRGSSYEQYF",2,"SAT & VAT","Fibrosis"
"CAVKDSNYQLIW_CASSDGTGGADTQYF",2,"LIVER & SAT","Fibrosis"
"CAVKDSNYQLIW_CASSFRGDVSPLHF",2,"LIVER & PBMC","Fibrosis"
"CAVKDSNYQLIW_CASSVETTVNEQFF",2,"LIVER & VAT","Fibrosis"
"CAVKGGSGGSYIPTF_CASSDKGSDEQFF",2,"LIVER & VAT","Fibrosis"
"CAVKRVSGTYKYIF;CVVNLKSGGGADGLTF_CASSPGQSGNTIYF",2,"PBMC & VAT","Fibrosis"
"CAVLDSNYQLIW_CASSQDDRGGYYEQYF",2,"LIVER & PBMC","No_fibrosis"
"CAVLDSSYKLIF_CASSSRDTGDVAPLHF",2,"LIVER & VAT","Fibrosis"
"CAVLGTDKLIF_NA",2,"LIVER & PBMC","No_fibrosis"
"CAVLIQGAQKLVF_CASRGGDTVEQYF",2,"LIVER & SAT","Fibrosis"
"CAVLRSNFGNEKLTF_CASSERQVLWSPLHF",2,"PBMC & SAT","Fibrosis"
"CAVLYGNNRLAF_NA",2,"LIVER & SAT","Fibrosis"
"CAVMDSNYQLIW;CVVSDGSSNTGKLIF_CASSDSGTDTQYF",2,"LIVER & SAT","Fibrosis"
"CAVMDSNYQLIW_CASSEGQGAEIQYF",2,"LIVER & VAT","Fibrosis"
"CAVMDSNYQLIW_CASSQGTGHTDTQYF",2,"LIVER & VAT","Fibrosis"
"CAVMDSNYQLIW_CAWSGVKGANTGELFF",2,"LIVER & PBMCC","Fibrosis"
"CAVMDSSYKLIF_CASSDGGATDTQYF",2,"LIVER & PBMC","Fibrosis"
"CAVMDSSYKLIF_CASSYSTSGGNEQFF",2,"LIVER & SAT","Fibrosis"
"CAVMGDAGNMLTF_CASSLGRETQYF",2,"LIVER & VAT","Fibrosis"
"CAVNAGSQGNLIF_CASSFGRAGKNIQYF",2,"PBMC & SAT","Fibrosis"
"CAVNINAGGTSYGKLTF_NA",2,"SAT & VAT","Fibrosis"
"CAVNKDQAGTALIF_CASSPSTDTQYF",2,"PBMC & SAT","Fibrosis"
"CAVNLNRDDKIIF_CASSWPGQGNTEAFF",2,"LIVER & SAT","Fibrosis"
"CAVNSGNTPLVF_CASRPTSGNTGELFF",2,"LIVER & SAT","Fibrosis"
"CAVNTNAGKSTF_CASSDSQGHTDTQYF",2,"LIVER & PBMC","Fibrosis"
"CAVNTYLKAAGNKLTF_CASSAETGATGELFF",2,"LIVER & VAT","Fibrosis"
"CAVPGGGADGLTF;CADSGSARQLTF_CSASLRYGGDTQYF",2,"LIVER & PBMC","Fibrosis"
"CAVPNTGNQFYF_CASKRTTWGEKLFF",2,"LIVER & VAT","No_fibrosis"
"CAVPRVGGSQGNLIF_CASSFLSRSRIQFF",2,"LIVER & PBMC","Fibrosis"
"CAVQAGGMANFGNEKLTF_CASSQVTSLGETQYF",2,"LIVER & VAT","Fibrosis"
"CAVQAMGFNKFYF_CAISDPSGGKETQYF",2,"SAT & VAT","Fibrosis"
"CAVQDSNYQLIW_CATSRETAERVNTGELFF",2,"LIVER & SAT","Fibrosis"
"CAVQDSNYQLIW_NA",2,"LIVER & SAT","Fibrosis"
"CAVQESNYQLIW_CASRPTGTGFNGYTF",2,"LIVER & VAT","Fibrosis"
"CAVQGAQKLVF_CASSSRGGWWDGEKLFF",2,"SAT & VAT","Fibrosis"
"CAVQHRDDKIIF_CASSLVIGNEQFF",2,"SAT & VAT","Fibrosis"
"CAVQNTGTASKLTF_CASSFYSGQGISPLHF",2,"LIVER & VAT","Fibrosis"
"CAVQPTGTASKLTF_CAISDPSGGGETQYF",2,"LIVER & SAT","Fibrosis"
"CAVQVEGSYIPTF_CASGRTRGLNEQFF",2,"PBMC & SAT","No_fibrosis"
"CAVQVTGGSYIPTF_CAWIPGTHGNTIYF",2,"LIVER & SAT","Fibrosis"
"CAVRDANNAGNMLTF_CASSRTGGNSPLHF",2,"LIVER & VAT","No_fibrosis"
"CAVRDDKIIF_NA",2,"LIVER & SAT","Fibrosis"
"CAVRDGDDMRF_NA",2,"PBMC & VAT","Fibrosis"
"CAVRDGDYKLSF_CASSDSSGGANEQFF",2,"PBMC & VAT","Fibrosis"
"CAVRDGDYKLSF_CASSGLAGGNEQFF",2,"LIVER & PBMC","Fibrosis"
"CAVRDGGNLIF_CASSPTGAQHF",2,"PBMC & SAT","Fibrosis"
"CAVRDGGYALNF_CASSLESGSSYEQYF",2,"LIVER & PBMC","No_fibrosis"
"CAVRDIAGNNRKLIW_CASSESTGVQPQHF",2,"LIVER & PBMC","Fibrosis"
"CAVRDNDYKLSF_NA",2,"LIVER & VAT","Fibrosis"
"CAVRDNNARLMF_CASSPRDRHYEQYF",2,"LIVER & SAT","Fibrosis"
"CAVRDSNSGYALNF_CASSEARGGGYTF",2,"LIVER & SAT","Fibrosis"
"CAVRDSNYQLIW_CASSDSTSGGNEQFF",2,"LIVER & PBMC","Fibrosis & Healthy"
"CAVRDSNYQLIW_CASSSGTGDYNEQFF",2,"LIVER & VAT","No_fibrosis"
"CAVRDSNYQLIW_CASSYSAEAYEQYF",2,"LIVER & PBMC","Fibrosis"
"CAVRDSNYQLIW_CATSRDQGSGANVLTF",2,"PBMC & SAT","Fibrosis"
"CAVREIEKLIF_NA",2,"LIVER & VAT","No_fibrosis"
"CAVRGGDYKLSF_NA",2,"LIVER & PBMC","Healthy"
"CAVRGNNQGGKLIF_CASSQGQGGYTEAFF",2,"LIVER & PBMC","Healthy"
"CAVRGSGTYKYIF_CASSLQGEDNEQFF",2,"LIVER & SAT","Fibrosis"
"CAVRNDNNDMRF_CASSLQTSGPQETQYF",2,"LIVER & VAT","Fibrosis"
"CAVRPESGYSTLTF_CASKYGTSAGNEQFF",2,"PBMC & VAT","Fibrosis"
"CAVRPNSGGYQKVTF_CATSRESRNEQFF",2,"LIVER & PBMC","Fibrosis"
"CAVRPPDSSYKLIF_NA",2,"LIVER & PBMC","Fibrosis"
"CAVRRDSSYKLIF_CASSSTRDIFTEAFF",2,"LIVER & SAT","Fibrosis"
"CAVRRGSGNTGKLIF_CASSLQGNEQFF",2,"PBMC & VAT","Fibrosis"
"CAVRRWVYNQGGKLIF_NA",2,"LIVER & SAT","Fibrosis"
"CAVRSLGTGNQFYF_CASSVRGGGGDYGYTF",2,"PBMC & VAT","Healthy"
"CAVRSPMFSGGYNKLIF_NA",2,"LIVER & VAT","Fibrosis"
"CAVRVDTGRRALTF_CASSPGTSKEQYV",2,"LIVER & PBMC","Fibrosis"
"CAVRYNRGSTLGRLYF_CASSLQRGSTDTQYF",2,"LIVER & PBMC","Fibrosis"
"CAVSANAGNMLTF_CASSLPERERSYNEQFF",2,"LIVER & PBMC","Fibrosis"
"CAVSASGGSYIPTF_CASSTLDPPYTQYF",2,"SAT & VAT","Fibrosis"
"CAVSDGGVNKFYF_CSARFSAPSGYTF",2,"PBMC & VAT","Fibrosis"
"CAVSDRRDSSYKLIF_CASKSSGVSYEQYF",2,"PBMC & SAT","Fibrosis"
"CAVSEIQGAQKLVF_CASSLPWGGPSEKLFF",2,"PBMC & VAT","No_fibrosis"
"CAVSERGNEKLTF_CASSLGGAGRWEQFF",2,"LIVER & PBMC","Fibrosis"
"CAVSESGSARQLTF_CASSIPGVSSEQFF",2,"LIVER & VAT","No_fibrosis"
"CAVSHRSARQLTF;CAVRPNSGYSTLTF_CAWSPGTEGMTVHLYGYTF",2,"SAT & VAT","Fibrosis"
"CAVSIIQGAQKLVF_CASSLVPDRGTGFRWTGELFF",2,"LIVER & PBMC","Fibrosis"
"CAVSLDSNYQLIW;CAVLLGNTDKLIF_CASGSGREAVNEQYF",2,"LIVER & VAT","No_fibrosis"
"CAVSNNARLMF_CASSPPRWNTEAFF",2,"PBMC & VAT","Fibrosis"
"CAVSPTGNQFYF_CASSPADYGYTF",2,"PBMC & VAT","Fibrosis"
"CAVSRPFSGSARQLTF_CASSLENSPLHF",2,"LIVER & PBMC","Fibrosis"
"CAVSRSNDYKLSF_CASSPNSTPGVGYF",2,"PBMC & VAT","Healthy"
"CAVSSYGKLTF_CASSPLGTNYNEQFF",2,"LIVER & VAT","Fibrosis"
"CAVSVPVPGGGNKLTF_CSAKIKRGGPGELFF",2,"PBMC & SAT","Fibrosis"
"CAVTDSSYKLIF_CATGTSGSGANVLTF",2,"LIVER & PBMC","Fibrosis"
"CAVTGNTGNQFYF_CASSLVGGLETQYF",2,"LIVER & VAT","Fibrosis"
"CAVTPGEYGNKLVF_CSARDWRSYNEQFF",2,"LIVER & PBMC","Fibrosis"
"CAVTTGGGNKLTF_CSARYRDRPYTEAFF",2,"LIVER & PBMC","Fibrosis"
"CAVVDSNYQLIW_CASSQDGPGTSGNTIYF",2,"LIVER & SAT","No_fibrosis"
"CAVVDSNYQLIW_CASSQDLGGANEQFF",2,"LIVER & PBMC","Fibrosis"
"CAVVDSNYQLIW_CASSQERSTPSYEQYF",2,"LIVER & SAT","Fibrosis"
"CAVVDSNYQLIW_CSAPQGSYNEQFF",2,"LIVER & VAT","Fibrosis"
"CAVVEGDYKLSF_CSARDIGSGYNEQFF",2,"LIVER & SAT","Fibrosis"
"CAVWGSGGYQKVTF_NA",2,"LIVER & SAT","Fibrosis"
"CAVYDSGYSTLTF_CASSGGETQYF",2,"SAT & VAT","Fibrosis"
"CAVYNQGGKLIF_CATRGRGETYNEQFF",2,"LIVER & SAT","Fibrosis"
"CAYRKTQGAQKLVF_CASSQTGATQPQHF",2,"LIVER & SAT","Fibrosis"
"CAYRKTSYDKVIF_NA",2,"LIVER & VAT","Fibrosis"
"CAYRLGSGYALNF_CASSLAQGPSYEQYF",2,"LIVER & VAT","Fibrosis"
"CAYRNAGNMLTF_NA",2,"LIVER & VAT","Fibrosis"
"CAYRRGGTASKLTF_CATLVPYLRNTIYF",2,"LIVER & PBMC","Fibrosis"
"CAYRRGNEKLTF_NA",2,"LIVER & PBMC","Fibrosis"
"CAYRSAGDKSTF_CSARGGGPNQPQHF",2,"PBMC & VAT","Fibrosis"
"CAYRSGSWNAGGTSYGKLTF_NA",2,"LIVER & VAT","Fibrosis"
"CAYRTGRDDKIIF_CASSVVRGGGYNEQFF",2,"LIVER & PBMC","Fibrosis"
"CAYRTSTSGTYKYIF_CSAREGSIQYF",2,"PBMC & VAT","Fibrosis"
"CGSTSGTYKYIF_CASSFLRSRLAGQETQYF",2,"PBMC & VAT","No_fibrosis"
"CGTDLDSGNTPLVF_CASSQDRALAEEQYF",2,"LIVER & SAT","No_fibrosis"
"CGTEIGLTDSWGKFQF_CASSVGNGRGETQYF",2,"LIVER & PBMC","Fibrosis"
"CGTGPRQLTF_CASREGTKNIQYF",2,"LIVER & PBMC","No_fibrosis"
"CIAIPNYGQNFVF_NA",2,"LIVER & SAT","Fibrosis"
"CIGLTSGTYKYIF;CAPGGNQGGKLIF_CSGGAPTNQETQYF",2,"PBMC & SAT","Fibrosis"
"CIHMNNNAGNMLTF_NA",2,"LIVER & SAT","Fibrosis"
"CILRATIQGAQKLVF_CASSPWTGGLDGYTF",2,"LIVER & VAT","Fibrosis"
"CILRDGLGGTYKYIF_CASSSRGAGEKDEQYF",2,"LIVER & VAT","Fibrosis"
"CILRDGWETSGSRLTF;CAGPHGSGNTGKLIF_CASSFGLNGYTF",2,"PBMC & VAT","Fibrosis"
"CILRFANTGNQFYF_CASSWSGGTYNEQFF",2,"LIVER & SAT","Fibrosis"
"CILRGGGGYQKVTF_CASTTRTGGSEQFF",2,"LIVER & PBMC","Fibrosis"
"CILRGHNTNAGKSTF_CASSLGLAGTYEQYF",2,"LIVER & VAT","Fibrosis"
"CILSNNNAGNMLTF_NA",2,"LIVER & PBMC","Fibrosis"
"CILTDNYGQNFVF_CASSVEDSTYNEQFF",2,"LIVER & PBMC","Fibrosis"
"CIVRGINDMRF_CASSNFGTEAFF",2,"LIVER & VAT","Fibrosis"
"CIVRPVTGGGNKLTF_CASSTTGGAGSPLHF",2,"PBMC & VAT","No_fibrosis"
"CIVRSYNDYKLSF_CASLPDRSSYGYTF",2,"LIVER & SAT","No_fibrosis"
"CIVRVAKSNFGNEKLTF;CAYGSSNTGKLIF_CASSHSREEGTEAFF",2,"LIVER & PBMC","No_fibrosis"
"CIVRVTRNTPLVF_CSADSPRDRSNSPLHF",2,"SAT & VAT","Fibrosis"
"CIVSLQGKLIF_CASRPFPAGLAGASYEQYF",2,"PBMC & SAT","Fibrosis"
"CIVSYGGATNKLIF;CAASPPQEAGTALIF_CSASGQGVRMNTEAFF",2,"PBMC & VAT","No_fibrosis"
"CLLGDYSGGSNYKLTF_CSARVKGMVGDAYGYTF",2,"PBMC & VAT","Healthy"
"CLLPNTGNQFYF_NA",2,"LIVER & PBMC","Fibrosis"
"CLVGERDTGGFKTIF_CSVGGRTGTEAFF",2,"LIVER & PBMC","Fibrosis"
"CLVGMDRGAGSYQLTF_CASSLDRVEETQYF",2,"LIVER & VAT","Fibrosis"
"CLVGPYAGKSTF;CALTPSAGGYNKLIF_CASSPPGRWPATAQYF",2,"PBMC & VAT","Fibrosis"
"CLVGSSGGYNKLIF_CASSIENSPLHF",2,"PBMC & SAT","Fibrosis"
"CVALTGGGNKLTF_CASRGGRRGSTDTQYF",2,"LIVER & VAT","Fibrosis"
"CVVGKAAGNKLTF_CASSPRQGQIYEQYF",2,"LIVER & SAT","Fibrosis"
"CVVIPSGSARQLTF_CASSPGTGIDYGYTF",2,"SAT & VAT","Fibrosis"
"CVVIPSGTYKYIF_CASNLQGGTGELFF",2,"SAT & VAT","No_fibrosis"
"CVVKNRDDKIIF_CATSRVGDSTYEQYF",2,"LIVER & SAT","Fibrosis"
"CVVNMKTSYDKVIF_CASSLNDAGGYEQYF",2,"LIVER & PBMC","Fibrosis"
"CVVNPQQGSASKIIF_CASSSPDREKYEQYF",2,"SAT & VAT","Fibrosis"
"CVVNRGLRSNTGKLIF_CAWSSGNTIYF",2,"PBMC & SAT","No_fibrosis"
"CVVNRGLYNTDKLIF_CASRRPEEGEPGQETQYF",2,"LIVER & PBMC","Fibrosis"
"CVVNTRQNTGFQKLVF_CASSQGAGTGYYEQYF",2,"PBMC & VAT","Fibrosis"
"CVVNVGGGNKLTF_CSARGELPGQESYNEQFF",2,"PBMC & VAT","Fibrosis"
"CVVPDNYGQNFVF_CASSGINSPLHF",2,"PBMC & VAT","Fibrosis"
"CVVPLPNFGNEKLTF_CASSLTIAGGPYEQYF",2,"LIVER & VAT","Fibrosis"
"CVVRGTGANNLFF_CASSQGWQSGHTGELFF",2,"SAT & VAT","Fibrosis"
"CVVRSGGYNKLIF_CASSDSLGVGDRGYNEQFF",2,"LIVER & VAT","Fibrosis"
"CVVSALMGNTGKLIF_CASSRTDYNEQFF",2,"PBMC & VAT","Fibrosis"
"CVVSDQTGANNLFF_CASSQQTSWGEQYF",2,"LIVER & VAT","Fibrosis"
"CVVSDRAGTYKYIF_CASSPTSGGSYEQYF",2,"LIVER & VAT","No_fibrosis"
"CVVSVVGGADGLTF_CASRRAADGTASYEQYF",2,"PBMC & SAT","Fibrosis"
"CVVTDSWGKLQF_CASSSEPNEKLFF",2,"PBMC & SAT","Fibrosis"
"NA_CAISGASTSSYEQYF",2,"LIVER & VAT","Fibrosis"
"NA_CAISRGTGGTDSPLHF",2,"LIVER & SAT","Fibrosis"
"NA_CASAKHIDLSYEQYF",2,"LIVER & VAT","Fibrosis"
"NA_CASGDSEKRTYEQYF",2,"SAT & VAT","Fibrosis"
"NA_CASHQGRWSTDTQYF",2,"LIVER & PBMC","Fibrosis"
"NA_CASKETNSEGYTF",2,"SAT & VAT","Fibrosis"
"NA_CASKGSTEAFF",2,"LIVER & VAT","Fibrosis"
"NA_CASKTGSANTGELFF",2,"LIVER & PBMC","Fibrosis"
"NA_CASRGSTEAFF",2,"LIVER & SAT","Fibrosis"
"NA_CASRLQGNTEAFF",2,"PBMC & VAT","Fibrosis"
"NA_CASRPTGVSGNTIYF",2,"LIVER & VAT","Fibrosis"
"NA_CASRRGSFNEQFF",2,"PBMC & VAT","Fibrosis"
"NA_CASRRNTDFNQPQHF",2,"LIVER & PBMC","Fibrosis"
"NA_CASRRTGDGYTF",2,"LIVER & VAT","Fibrosis"
"NA_CASRSGGAGGGEQFF",2,"LIVER & VAT","Fibrosis"
"NA_CASRSGTYTANEQFF",2,"LIVER & VAT","Fibrosis"
"NA_CASRTGDTLWDEQYF",2,"SAT & VAT","Fibrosis"
"NA_CASSAGGPTNEKLFF",2,"SAT & VAT","Fibrosis"
"NA_CASSAGTGDTGELFF",2,"LIVER & PBMC","Fibrosis"
"NA_CASSAQAAGGADTQYF",2,"LIVER & VAT","Fibrosis"
"NA_CASSATSGGPNEQFF",2,"PBMC & VAT","Fibrosis"
"NA_CASSDGGAAGELFF",2,"SAT & VAT","Fibrosis"
"NA_CASSDNPSGAYEQYF",2,"LIVER & VAT","No_fibrosis"
"NA_CASSDSGVTGELFF",2,"LIVER & VAT","Fibrosis"
"NA_CASSDSTGSYTF",2,"LIVER & PBMC","Fibrosis"
"NA_CASSEAGGTDTQYF",2,"LIVER & SAT","Fibrosis"
"NA_CASSELAGGTDTQYF",2,"PBMC & VAT","Fibrosis"
"NA_CASSETGVTYEQYF",2,"PBMC & SAT","Fibrosis"
"NA_CASSFGAGSTDTQYF",2,"PBMC & VAT","Fibrosis"
"NA_CASSGGTSGVFETQYF",2,"LIVER & SAT","Fibrosis"
"NA_CASSGISNEQFF",2,"SAT & VAT","Fibrosis"
"NA_CASSGTGGRTEAFF",2,"SAT & VAT","Fibrosis"
"NA_CASSHRLAGDPSYNEQFF",2,"LIVER & VAT","Fibrosis"
"NA_CASSKNRGPSDIQYF",2,"LIVER & VAT","Fibrosis"
"NA_CASSLAGGEESPLHF",2,"LIVER & VAT","Fibrosis"
"NA_CASSLAGNYGYTF",2,"LIVER & PBMC","Fibrosis"
"NA_CASSLALAGPTYEQYF",2,"LIVER & VAT","Fibrosis"
"NA_CASSLAPSSGNTIYF",2,"SAT & VAT","Fibrosis"
"NA_CASSLAPTGLEQPQHF",2,"LIVER & VAT","Fibrosis"
"NA_CASSLARHEQFF",2,"LIVER & PBMC","Fibrosis"
"NA_CASSLATQSYNEQFF",2,"LIVER & PBMC","Fibrosis"
"NA_CASSLEPSGSQETQYF",2,"LIVER & SAT","Fibrosis"
"NA_CASSLFATSGSHGDEQFF",2,"PBMC & VAT","Fibrosis"
"NA_CASSLGGRGNTEAFF",2,"SAT & VAT","Fibrosis"
"NA_CASSLGGTGYGYTF",2,"LIVER & SAT","Fibrosis"
"NA_CASSLGKNTEAFF",2,"PBMC & VAT","Fibrosis & No_fibrosis"
"NA_CASSLGLGGNTEAFF",2,"LIVER & VAT","Fibrosis"
"NA_CASSLGPNSPLHF",2,"PBMC & VAT","Fibrosis"
"NA_CASSLGRLGSPGSSYEQYF",2,"LIVER & PBMC","Fibrosis"
"NA_CASSLGVGQVVAEAFF",2,"LIVER & VAT","Fibrosis"
"NA_CASSLLQGDTDTQYF",2,"LIVER & PBMC","Fibrosis"
"NA_CASSLLTSGGETQYF",2,"PBMC & SAT","Healthy"
"NA_CASSLNFGRENEQFF",2,"LIVER & VAT","Fibrosis"
"NA_CASSLNPGQKETQYF",2,"PBMC & VAT","Fibrosis"
"NA_CASSLQGNTEAFF",2,"PBMC & VAT","Fibrosis"
"NA_CASSLSQGFYEQYF",2,"LIVER & PBMC","Fibrosis"
"NA_CASSLTGESSYNEQFF",2,"LIVER & SAT","Fibrosis"
"NA_CASSLVQGASGYTF",2,"LIVER & VAT","Fibrosis"
"NA_CASSLWRQETQYF",2,"LIVER & VAT","No_fibrosis"
"NA_CASSPDDGTGGWVWTEAFF",2,"PBMC & SAT","Fibrosis"
"NA_CASSPGLAGGIKETQYF",2,"SAT & VAT","Fibrosis"
"NA_CASSPGQAGGTQYF",2,"SAT & VAT","Fibrosis"
"NA_CASSPGTGGVYSNQPQHF",2,"LIVER & PBMC","No_fibrosis"
"NA_CASSPTGAAEQYF",2,"LIVER & VAT","Fibrosis"
"NA_CASSPTGALEAFF",2,"PBMC & VAT","Fibrosis"
"NA_CASSQEGGYGYTF",2,"SAT & VAT","Fibrosis"
"NA_CASSQGNYGYTF",2,"PBMC & VAT","No_fibrosis"
"NA_CASSQGPWPVRIYEQYF",2,"LIVER & PBMCC","Fibrosis"
"NA_CASSQGQRGVRYTDTQYF",2,"LIVER & VAT","Fibrosis"
"NA_CASSQSDRGRGQETQYF",2,"LIVER & VAT","Fibrosis"
"NA_CASSQSLIASDEQFF",2,"PBMC & SAT","Fibrosis"
"NA_CASSQSPSETQYF",2,"LIVER & VAT","Fibrosis"
"NA_CASSREPQSHTDTQYF",2,"LIVER & VAT","Fibrosis"
"NA_CASSRLAGVNEQFF",2,"PBMC & VAT","Fibrosis"
"NA_CASSSDAGWEQYF",2,"PBMC & VAT","Fibrosis"
"NA_CASSSDYHQGGEQFF",2,"LIVER & VAT","Fibrosis"
"NA_CASSSHNEQFF",2,"LIVER & VAT","Fibrosis"
"NA_CASSSPLGTDSNQPQHF",2,"LIVER & VAT","Fibrosis"
"NA_CASSSRSTRADTQYF",2,"PBMC & VAT","Fibrosis"
"NA_CASSSTGGNTEAFF",2,"LIVER & PBMC","Fibrosis & No_fibrosis"
"NA_CASSSTSGGASYEQYF",2,"LIVER & VAT","Fibrosis"
"NA_CASSSVADTQYF",2,"LIVER & VAT","No_fibrosis"
"NA_CASSSWGLSYNEQFF",2,"PBMC & VAT","Fibrosis"
"NA_CASSTAGTGILSNQPQHF",2,"LIVER & PBMC","Fibrosis"
"NA_CASSTYPNTEAFF",2,"LIVER & PBMC","Fibrosis"
"NA_CASSYAGRQGASPLHF",2,"PBMC & VAT","Fibrosis"
"NA_CASSYAPGTENTEAFF",2,"SAT & VAT","Fibrosis"
"NA_CASSYGGSYEQYF",2,"PBMC & SAT","Fibrosis"
"NA_CASSYLPRDQQDKNTEAFF",2,"LIVER & PBMC","Fibrosis"
"NA_CASSYSGGGGADTQYF",2,"LIVER & PBMCC","Fibrosis"
"NA_CASSYSGNPPLHF",2,"LIVER & SAT","Fibrosis"
"NA_CASSYSWAGGHSRSYEQYF",2,"LIVER & VAT","Fibrosis"
"NA_CASTTDRNNQPQHF",2,"LIVER & VAT","Fibrosis"
"NA_CASTTMEGRNGELFF",2,"LIVER & VAT","Healthy"
"NA_CATRGRGETYNEQFF",2,"SAT & VAT","Fibrosis"
"NA_CATSDPNPSGGTDTQYF",2,"SAT & VAT","Fibrosis"
"NA_CATSLASGSQRQFF",2,"LIVER & VAT","No_fibrosis"
"NA_CATSRDPTGVSDTQYF",2,"LIVER & VAT","No_fibrosis"
"NA_CATSSGEGGYQETQYF",2,"LIVER & VAT","Fibrosis"
"NA_CATSSRSFYYNEQFF",2,"LIVER & PBMC","Fibrosis"
"NA_CATSSSGGSLDF",2,"PBMC & VAT","Healthy"
"NA_CATWDRDFYNEQFF",2,"LIVER & SAT","Fibrosis"
"NA_CAWSGGSGELFF",2,"PBMC & VAT","Fibrosis"
"NA_CAWSLTPDAYNEQFF",2,"PBMC & SAT","Fibrosis"
"NA_CSAGNSGNTIYF",2,"LIVER & VAT","Fibrosis"
"NA_CSALTGGSNQPQHF",2,"PBMC & VAT","Healthy"
"NA_CSANFLGLAGGAIEDTQYF",2,"LIVER & VAT","No_fibrosis"
"NA_CSAQDPRRVNTEAFF",2,"SAT & VAT","Fibrosis"
"NA_CSARALRDTEQFF",2,"LIVER & VAT","Fibrosis"
"NA_CSARDGLEPYNEQFF",2,"SAT & VAT","No_fibrosis"
"NA_CSARDMGQIYEQYF",2,"LIVER & VAT","No_fibrosis"
"NA_CSARDVLGTSNEKLFF",2,"PBMC & VAT","Fibrosis"
"NA_CSARKERGGLNEQFF",2,"LIVER & PBMC","Fibrosis"
"NA_CSARSAGQGGNTEAFF",2,"LIVER & SAT","Fibrosis"
"NA_CSASGLLGGEETQYF",2,"PBMC & SAT","Fibrosis"
"NA_CSASPLAGGPYEQFF",2,"LIVER & VAT","Fibrosis"
"NA_CSASRGGGVTEAFF",2,"LIVER & SAT","Fibrosis"
"NA_CSASSETWGADTQYF",2,"LIVER & PBMC","Fibrosis"
"NA_CSASSPGLAGYPRDTQYF",2,"PBMC & VAT","Fibrosis"
"NA_CSATETGEYGYTF",2,"PBMC & VAT","Fibrosis"
"NA_CSVGAGSEQYF",2,"LIVER & VAT","Fibrosis"
"NA_CSVQDRNTGELFF",2,"SAT & VAT","Fibrosis"
