"Donor","Tissue","CTaa","Baseline_Count","Baseline_Total_Tcells","Followup_Count","Followup_Total_Tcells"
"10738","LIVER","CAAVGRGGGNKLTF_CASIPRDRGRKNYGYTF",2,363,2,1527
"10738","LIVER","CAGAPLDSNYQLIW_CATSRESGSHGEQFF",5,363,50,1527
"10738","LIVER","CAGAPLDSNYQLIW_NA",2,363,1,1527
"10738","LIVER","CALSPNTGNQFYF_CASSWLSGTGNTIYF",2,363,0,1527
"10738","LIVER","CARPSQYSGAGSYQLTF_CSAKPGPSGYYEQYF",3,363,6,1527
"10738","LIVER","CATDAYSSYKLIF_CASRRDGSPMDGYTF",2,363,0,1527
"10738","LIVER","CATDAYSSYKLIF_CASRTPGNEQFF",8,363,18,1527
"10738","LIVER","CAVGPPSGGSYIPTF_CAISESGTHVGYNEQFF",4,363,3,1527
"10738","LIVER","CAVLSPDKLIF_NA",2,363,0,1527
"10738","LIVER","CAVMDSNYQLIW_CASRTPGNEQFF",2,363,0,1527
"10738","LIVER","CAVSLGGGKLIF_NA",2,363,0,1527
"10738","LIVER","CILAGDMRF;CARPSQYSGAGSYQLTF_CSAKPGPSGYYEQYF",4,363,38,1527
"10738","LIVER","CILAGDMRF_CSAKPGPSGYYEQYF",7,363,45,1527
"10738","LIVER","CVVSSRMDSSYKLIF_CASSPGTGIYNEQFF",2,363,2,1527
"10738","LIVER","NA_CAISESGTHVGYNEQFF",2,363,0,1527
"10738","LIVER","NA_CASGPGTSRGYTF",2,363,0,1527
"10738","LIVER","NA_CASRPPRGLPYEQYF",2,363,0,1527
"10738","LIVER","NA_CASRRDGSPMDGYTF",2,363,0,1527
"10738","LIVER","NA_CASRTPGNEQFF",7,363,0,1527
"10738","LIVER","NA_CASSEPQDYLNYEQYF",2,363,0,1527
"10738","LIVER","NA_CASSFGGRGYEQYF",2,363,0,1527
"10738","LIVER","NA_CASSHRLAGRTDTQYF",2,363,0,1527
"10738","LIVER","NA_CASSLGESSYGYTF",2,363,0,1527
"10738","LIVER","NA_CASSPGTGIYNEQFF",3,363,0,1527
"10738","LIVER","NA_CASSYLDREGGYTF",2,363,0,1527
"10738","LIVER","NA_CASSYSKPRTRANEQFF",2,363,0,1527
"10738","LIVER","NA_CATSRESGSHGEQFF",10,363,2,1527
"10738","LIVER","NA_CSAKPGPSGYYEQYF",9,363,3,1527
"10738","LIVER","NA_CSARDRLMGKNIQYF",4,363,0,1527
"10738","LIVER","NA_CSARVYTEAFF",2,363,0,1527
"10291-1","LIVER","CAALDSNYQLIW_CASSQSSEVHEQYF",2,916,0,1720
"10291-1","LIVER","CAANKLTF_CASSLVAGRETQYF",3,916,3,1720
"10291-1","LIVER","CAANYGQNFVF_CASGSHGQGETDTQYF",4,916,5,1720
"10291-1","LIVER","CAASGSSNTGKLIF_CASSAVSRGSIGNTIYF",6,916,4,1720
"10291-1","LIVER","CAASITLGAQKLVF_CASSLDGATQYF",3,916,3,1720
"10291-1","LIVER","CAEGLVNDMRF_CASSLRSGAKNIQYF",3,916,0,1720
"10291-1","LIVER","CAEGTSYGKLTF_CASSKPPRGRNTIYF",2,916,2,1720
"10291-1","LIVER","CAENLNTGFQKLVF_CASSLGYEQYF",15,916,24,1720
"10291-1","LIVER","CAENLNTGFQKLVF_NA",3,916,1,1720
"10291-1","LIVER","CAESQEEYGNKLVF_CASSRRQGSNIQYF",3,916,7,1720
"10291-1","LIVER","CAFMKPGEGAQKLVF_CASHPLGFYSNQPQHF",4,916,5,1720
"10291-1","LIVER","CAGEGSNFGNEKLTF_CASRDNYEQYF",6,916,11,1720
"10291-1","LIVER","CAGGRRALTF_CASSPGTSGSTDTQYF",3,916,2,1720
"10291-1","LIVER","CAGMDSNYQLIW_CASSDSSTDTQYF",4,916,4,1720
"10291-1","LIVER","CAGMDSNYQLIW_NA",2,916,1,1720
"10291-1","LIVER","CALANTNAGKSTF_CASRRSTSGNTIYF",5,916,3,1720
"10291-1","LIVER","CALDMRSNYQLIW_CASSLVRTNTGELFF",6,916,4,1720
"10291-1","LIVER","CALDSGGSNYKLTF_CASTPFGTGELFF;CASSPSGAPDKYF",2,916,0,1720
"10291-1","LIVER","CALHSGGYQKVTF_CASSEKDRFDNEQFF",6,916,6,1720
"10291-1","LIVER","CALSVMDSSYKLIF_CAIELAVAGELFF",4,916,3,1720
"10291-1","LIVER","CAMGGDNNNDMRF_CASSYRRGNTEAFF",3,916,13,1720
"10291-1","LIVER","CAMREPARHNNDMRF;CAAPGGSYIPTF_CATSATGRKDQPQHF",2,916,1,1720
"10291-1","LIVER","CAMSGAGGATNKLIF_CAISEGADGYTF",2,916,1,1720
"10291-1","LIVER","CAMSGGTGGSYIPTF_CASSPAAGEDQETQYF",2,916,0,1720
"10291-1","LIVER","CAPLGDDKIIF_CASIRDKGTDTQYF",2,916,10,1720
"10291-1","LIVER","CAPMDSNYQLIW_CASSDSGGAPYNEQFF",2,916,0,1720
"10291-1","LIVER","CATDALLSGATNKLIF_CASRRQETYNEQFF",8,916,55,1720
"10291-1","LIVER","CATDARSGNTPLVF_CASSLRGQGVRSPLHF",2,916,30,1720
"10291-1","LIVER","CATDARSGNTPLVF_NA",2,916,3,1720
"10291-1","LIVER","CATDAWGSQGNLIF_CASRSSGQETQYF",5,916,22,1720
"10291-1","LIVER","CATDDWGSQGNLIF_CASRRAGGDEQYF",2,916,4,1720
"10291-1","LIVER","CATLRNSGNTPLVF_CASTPFGTGELFF",7,916,12,1720
"10291-1","LIVER","CAVDMNYGGSQGNLIF_CASSESGQGYEQYF",2,916,1,1720
"10291-1","LIVER","CAVFSNTGKLIF_CASSSLESYEQYF",2,916,6,1720
"10291-1","LIVER","CAVGFGNVLHC_CASRTGYYGYTF",5,916,4,1720
"10291-1","LIVER","CAVLDSNYQLIW_CSAISPSGSNSLETQYF",2,916,0,1720
"10291-1","LIVER","CAVMDSNYQLIW_CASRTGDTGELFF",2,916,2,1720
"10291-1","LIVER","CAVMDSNYQLIW_CSARQGENEQFF",2,916,0,1720
"10291-1","LIVER","CAVMDSNYQLIW_NA",4,916,1,1720
"10291-1","LIVER","CAVQGDNQGGKLIF_CAWSVVDNEQFF",3,916,7,1720
"10291-1","LIVER","CAVRDSNYQLIW_CASSDSSGANVLTF",2,916,0,1720
"10291-1","LIVER","CAVRDSNYQLIW_NA",3,916,1,1720
"10291-1","LIVER","CAVVDSNYQLIW_CASSPGQSTDTQYF",9,916,0,1720
"10291-1","LIVER","CAYRSARRTPLVF_CASSLVRLAGGPTGELFF",2,916,1,1720
"10291-1","LIVER","CAYRTPSGSARQLTF_CSASPVAANSPLHF",15,916,17,1720
"10291-1","LIVER","CGTVNNDMRF_CASSVGTGSNTEAFF",4,916,6,1720
"10291-1","LIVER","CIVRVHTGNQFYF_CASSQTVLDGETQYF",10,916,9,1720
"10291-1","LIVER","CLVGDFDGYNKLIF_CASSPASGSYNSPLHF",2,916,0,1720
"10291-1","LIVER","CLVGGAGSYQLTF_CASSLFGDAGTATQYF",3,916,9,1720
"10291-1","LIVER","CVVKAAGNKLTF_CASSYAESYGYTF",2,916,0,1720
"10291-1","LIVER","CVVRGPGRRALTF_CASSQDTSLTNEKLFF",2,916,1,1720
"10291-1","LIVER","NA_CASADFSNQPQHF",2,916,0,1720
"10291-1","LIVER","NA_CASGSGEHQPQHF",2,916,0,1720
"10291-1","LIVER","NA_CASNRGTFTDTQYF",2,916,0,1720
"10291-1","LIVER","NA_CASRDNYEQYF",4,916,0,1720
"10291-1","LIVER","NA_CASRRQETYNEQFF",10,916,4,1720
"10291-1","LIVER","NA_CASRSSGQETQYF",3,916,0,1720
"10291-1","LIVER","NA_CASRTGDTGELFF",2,916,0,1720
"10291-1","LIVER","NA_CASSFRRGSYEQYF",2,916,0,1720
"10291-1","LIVER","NA_CASSLDGATQYF",3,916,0,1720
"10291-1","LIVER","NA_CASSLDWGGGETQYF",2,916,0,1720
"10291-1","LIVER","NA_CASSLFGDAGTATQYF",4,916,7,1720
"10291-1","LIVER","NA_CASSLGTSTGELFF",14,916,0,1720
"10291-1","LIVER","NA_CASSLGYEQYF",4,916,0,1720
"10291-1","LIVER","NA_CASSLINEQFF",2,916,0,1720
"10291-1","LIVER","NA_CASSLVRTNTGELFF",6,916,2,1720
"10291-1","LIVER","NA_CASSQTVLDGETQYF",7,916,0,1720
"10291-1","LIVER","NA_CASSRRQGSNIQYF",3,916,0,1720
"10291-1","LIVER","NA_CASTPFGTGELFF",4,916,0,1720
"10291-1","LIVER","NA_CATSPRPGPGYNEQFF",2,916,0,1720
"10291-1","LIVER","NA_CSAEGLAGYYEQYF",2,916,0,1720
"10291-1","LIVER","NA_CSASPVAANSPLHF",5,916,1,1720
"11040","LIVER","CAAMDSNYQLIW_CSARGVDDRALPNQETQYF",2,462,0,1467
"11040","LIVER","CAGPNNAGNMLTF_CASSFRRSGLREKLFF",3,462,0,1467
"11040","LIVER","CAGRTPGGATNKLIF_CASSRDRVHKLFF",2,462,0,1467
"11040","LIVER","CALLDSNYQLIW_CASSTTPGQGAAEQYF",2,462,0,1467
"11040","LIVER","CALSDTMTTDSWGKLQF_CASSEALEAFF",2,462,0,1467
"11040","LIVER","CAMRETRSNDYKLSF;CALSVKGNNRLAF_CSATTGQGITEAFF",2,462,0,1467
"11040","LIVER","CAMSKSGGGADGLTF_CASSSRAVTNTQYF",2,462,0,1467
"11040","LIVER","CASRKQLTF;CAVRDSNYQLIW_CSARGEGDSQPQHF",2,462,0,1467
"11040","LIVER","CATDTGGGSNYKLTF_CASSQDRGLATTYNEQFF",2,462,0,1467
"11040","LIVER","CAVMDSNYQLIW_CASSDSTGGGYTF",3,462,0,1467
"11040","LIVER","CAVMDSNYQLIW_CASSDTSGSYNEQFF",2,462,0,1467
"11040","LIVER","CAVNMWTGGFKTIF_CASSERPGRGGYTF",3,462,0,1467
"11040","LIVER","CAVRGPGAGSYQLTF_CASSIGRRASGYTF",3,462,0,1467
"11040","LIVER","CGTETGSWGKLQF_CASSLSGTKGDTGELFF",2,462,0,1467
"11040","LIVER","CIVRVAGGETSGSRLTF_CASTTRAYGGGPGYTF",2,462,0,1467
"11040","LIVER","CLVGSNYGGSQGNLIF_CASSHPTRGSYNEQFF",5,462,0,1467
"11040","LIVER","NA_CSASGRAFGTEAFF",3,462,0,1467
"11183","LIVER","CAAQTGNQFYF_CSVGQGGPADTQYF",2,925,0,1572
"11183","LIVER","CAARIQGAQKLVF_CAWSVQGDQPQHF",7,925,1,1572
"11183","LIVER","CAARLQGAQKLVF_CAWSVQGDQPQHF",4,925,2,1572
"11183","LIVER","CAARTQGAQKLVF_CAWSVQGDQPQHF",3,925,1,1572
"11183","LIVER","CAASEDYQLIW_CASSSMSGGGTIGYTF",3,925,2,1572
"11183","LIVER","CAASGGFNKFYF_CASSVGVADGYTF",2,925,0,1572
"11183","LIVER","CAASSGYALNF_CASSYSGTGNTGELFF",3,925,2,1572
"11183","LIVER","CAAYNTDKLIF_CASSLGAGYTF",2,925,0,1572
"11183","LIVER","CACRSTNAGKSTF_CASSAGGSGANVLTF",23,925,41,1572
"11183","LIVER","CACRSTNAGKSTF_NA",8,925,3,1572
"11183","LIVER","CAGQGEYGGSQGNLIF_CASSYGGAYGYTF",2,925,0,1572
"11183","LIVER","CAGSMEYGNKLVF_CASSIWTIRGGDTQYF",4,925,1,1572
"11183","LIVER","CAGYNQGGKLIF_NA",2,925,0,1572
"11183","LIVER","CALESSTLTF_CASSLGLAGTYEQYF",2,925,4,1572
"11183","LIVER","CALRRANSGYALNF_CASSTYSGTVIF",2,925,0,1572
"11183","LIVER","CALSGYNAGNMLTF_CASCTGGTVYGYTF",3,925,2,1572
"11183","LIVER","CAMSPISNFGNEKLTF_CASSFSGTWGGIPYEQYF",3,925,0,1572
"11183","LIVER","CASMDSNYQLIW_CAWNAGDTGELFF",2,925,0,1572
"11183","LIVER","CATDEDSWGKLQF_CSARKERGGLNEQFF",2,925,4,1572
"11183","LIVER","CATYNYGQNFVF_CASSVTVRGSYEQYF",3,925,0,1572
"11183","LIVER","CAVDTGGFKTIF_CASSLYRTTDTQYF",2,925,1,1572
"11183","LIVER","CAVGFSDGQKLLF_CASSLVGATYEQYF",4,925,0,1572
"11183","LIVER","CAVIDSSYKLIF_CASSQEQGSGANVLTF",2,925,1,1572
"11183","LIVER","CAVKDSNYQLIW_CASSHGQGGANVLTF",3,925,0,1572
"11183","LIVER","CAVKDSNYQLIW_CASSPVGESGELFF",2,925,1,1572
"11183","LIVER","CAVLDSNYQLIW_CASTDREDTEAFF",2,925,0,1572
"11183","LIVER","CAVLDSNYQLIW_NA",2,925,0,1572
"11183","LIVER","CAVLYGNNRLAF_CASSFHPGTNSPLHF",3,925,2,1572
"11183","LIVER","CAVMDSNYQLIW_CASSERDTGEQYF",2,925,0,1572
"11183","LIVER","CAVMDSNYQLIW_CASSFGGGHTDTQYF",2,925,0,1572
"11183","LIVER","CAVMDSNYQLIW_CASTLAETSTDTQYF",4,925,1,1572
"11183","LIVER","CAVMDSNYQLIW_CSARGPGQEETQYF",2,925,0,1572
"11183","LIVER","CAVQAPGGKLIF_CASSTDGNYGYTF",2,925,3,1572
"11183","LIVER","CAVRDRNNYGQNFVF_NA",2,925,0,1572
"11183","LIVER","CAVRDSNYQLIW_CASSQDPGQGADEQYF",2,925,0,1572
"11183","LIVER","CAVRDSNYQLIW_NA",2,925,0,1572
"11183","LIVER","CAVRDTSNAGNMLTF_CATSSPSSEGLIGELFF",2,925,0,1572
"11183","LIVER","CAVTGNQFYF_CASSLGGLLYNEQFF",3,925,2,1572
"11183","LIVER","CAVVDSNYQLIW_CASSPRGSGDTDTQYF",2,925,0,1572
"11183","LIVER","CAVVDSNYQLIW_CSASPPSVTYNEQFF",2,925,1,1572
"11183","LIVER","CAYRSARGNYQLIW_CASSLLIWGAHEQYF",2,925,1,1572
"11183","LIVER","CAYRSPGSSNTGKLIF_CASSQNSYNSPLHF",3,925,3,1572
"11183","LIVER","CGFIGNQGGKLIF_CASSYGAALYEQFF",3,925,1,1572
"11183","LIVER","CVPWRYKLSF_CASSFPGSSYNEQFF",2,925,0,1572
"11183","LIVER","CVVNGRGSSASKIIF_NA",2,925,0,1572
"11183","LIVER","NA_CASSAGGSGANVLTF",2,925,9,1572
"11183","LIVER","NA_CASSIGGQIYTEAFF",2,925,2,1572
"11183","LIVER","NA_CASSLGGLLYNEQFF",2,925,1,1572
"11183","LIVER","NA_CASSPARETNTGELFF",2,925,1,1572
"11183","LIVER","NA_CASSPGAREKLFF",3,925,1,1572
"11183","LIVER","NA_CASSPRGSGDTDTQYF",3,925,0,1572
"11183","LIVER","NA_CASSVTVRGSYEQYF",2,925,3,1572
"11183","LIVER","NA_CASSYSGTGNTGELFF",3,925,3,1572
"11183","LIVER","NA_CASTLAETSTDTQYF",2,925,0,1572
"11183","LIVER","NA_CASTPGHKYEQYF",2,925,1,1572
"11183","LIVER","NA_CAWSRQGDQPQHF",2,925,9,1572
"11183","LIVER","NA_CAWSVQGDQPQHF",3,925,18,1572
"11183","LIVER","NA_CSARLGGGTDTQYF",5,925,1,1572
